<?xml version="1.0" encoding="utf-8"?>
<TEI.2 xmlns="http://www.tei-c.org/ns/1.0">
  <teiHeader type="text" status="new" TEIform="teiHeader">
    <fileDesc TEIform="fileDesc">
      <titleStmt TEIform="titleStmt">
         <title TEIform="title">Holocaust Denial on Trial, Trial
	 Transcripts, Day 30:
	Electronic Edition</title>
         <author TEIform="author"/>
	    <sponsor TEIform="sponsor">Rabbi Donald A. Tams Institute for Jewish Studies</sponsor>
       
       </titleStmt>
       <extent TEIform="extent"/>
       <publicationStmt TEIform="publicationStmt">
	   <publisher TEIform="publisher">Lewis H. Beck Center for Electronic Collections
	   and Services, Emory University</publisher>
	   <pubPlace TEIform="pubPlace">Atlanta, GA</pubPlace>
	   <address TEIform="address">
	     <addrLine TEIform="addrLine">540 Asbury Circle</addrLine>
	     <addrLine TEIform="addrLine">Woodruff Library</addrLine>
	     <addrLine TEIform="addrLine">Atlanta, GA 30322</addrLine>
	   </address>
	   <availability status="unknown" TEIform="availability"><p TEIform="p">©Emory University. Permission is
	   granted to download, transmit, or otherwise reproduce,
	   distribute or display the contributions to the work claimed
	   by Emory University for non-profit educational purposes,
	   provided this header is included in its entirety.  For
	   inquiries about commercial uses, contact either: Institute
	   for Jewish Studies, Emory University, Atlanta GA 30322 or
	   the Lewis H. Beck Center for Electronic Collections and
	   Services, Woodruff Library, Emory University, Atlanta,
	   Georgia 30322 </p></availability> 
         <date TEIform="date">2003</date><idno type="ark">http://pid.emory.edu/ark:/25593/13nsc</idno>
	 </publicationStmt>
	 <seriesStmt TEIform="seriesStmt">
	   <title TEIform="title">Holocaust Denial on Trial</title>
	 </seriesStmt>
	 <notesStmt TEIform="notesStmt"><note place="unspecified" anchored="yes" TEIform="note">Transcribed from the trial documents into
	 HTML by Addison-Wesley, and translated into XML based on the
	 HTML and print editions by the Beck Center staff.</note>
	<note type="summary">This day is devoted to procedure, specifically the admission and validity of video tapes of his speeches.</note></notesStmt>
	 <sourceDesc TEIform="sourceDesc" default="NO">
	   <bibl TEIform="bibl" default="NO">
                <title TEIform="title">David John Cawdell Irving v. Penguin Books Limited and Deborah E. Lipstadt</title>
		<pubPlace TEIform="pubPlace">London</pubPlace>
		<publisher TEIform="publisher">Harry Counsell &amp; Company</publisher>
		<date TEIform="date">2000</date>
	   </bibl>
	 </sourceDesc>         
      </fileDesc>
      <encodingDesc TEIform="encodingDesc">
	<projectDesc TEIform="projectDesc" default="NO"><p TEIform="p">Trial transcripts, expert witness documents
	and other material used in Irving vs. Penguin Books and
	Deborah Lipstadt have been encoded in  XML using the TEI
	Guidelines, and made available for scholarly research and
	educational purposes.</p></projectDesc>
	<editorialDecl TEIform="editorialDecl" default="NO">
	<correction method="silent" status="unknown" TEIform="correction" default="NO"><p TEIform="p">Obvious errors in spelling or punctuation have
	  not been corrected in any way.</p></correction>
	<normalization method="silent" TEIform="normalization" default="NO"><p TEIform="p"/></normalization>
	<quotation form="unknown" TEIform="quotation" marks="all" default="NO"><p TEIform="p">All "smart" quotes have been silently replaced
	with straight quotes. Block quotes are marked with q or quote
	elements</p></quotation>
	<p TEIform="p">The canonical source document is the trial
	document. In some cases material was added or deleted from the
	versions of the documents that became the html version, and in
	other cases, authorial changes were made to the trial
	documents. These sections are noted with add or addSpan
	elements for additions or del or delSpan elements for
	deletions.</p>
	</editorialDecl>
	<tagsDecl TEIform="tagsDecl">
	  <rendition id="quote" TEIform="rendition">Paragraphs including q or quote
	  elements indicate material that is in a block
	  quote.</rendition>
	  <rendition id="title" TEIform="rendition">Where the title of a work is
	  italicized, it is marked with a title element, both in the
	  text and in footnotes.</rendition>
	  <rendition id="bottom">Pages are numbered at the bottom of the
	  page. The page number has a "." followed by white space, then
	  "P-" and the number.</rendition>
	  <tagUsage gi="pb" render="bottom" n="P-#n">bottom</tagUsage>
	  <tagUsage gi="q" render="quote" TEIform="tagUsage">blockquote</tagUsage>
	  <tagUsage gi="quote" render="quote" TEIform="tagUsage">blockquote</tagUsage>
	  <tagUsage gi="title" render="title" TEIform="tagUsage">italic</tagUsage>
	</tagsDecl>
	<classDecl TEIform="classDecl">
	  <taxonomy TEIform="taxonomy">
	  <category TEIform="category"><catDesc TEIform="catDesc"/></category>
	  </taxonomy>
	</classDecl>
      </encodingDesc>
      <profileDesc>
      <creation>
        <rs type="collection">Trial Documents</rs>
        <rs type="subset">Transcripts</rs>
        <rs type="object">Day 30</rs>
      </creation>
      </profileDesc>

    <revisionDesc TEIform="revisionDesc">
      <change TEIform="change">
        <date TEIform="date">Feb.-Mar. 2003</date>
         <respStmt TEIform="respStmt">
         <name TEIform="name">Alice Hickcox</name>
         <resp TEIform="resp">encoder, Beck Center staff</resp></respStmt>
         <item TEIform="item">basic XML structure</item>
       </change>
       <change TEIform="change">
        <date TEIform="date">Mar.-Apr. 2003</date>
         <respStmt TEIform="respStmt">
         <name TEIform="name">Tushar Shah</name>
         <resp TEIform="resp">encoder, Beck Center Student Assistant</resp></respStmt>
         <item TEIform="item">who attributes</item>
       </change>
       <change TEIform="change">
        <date TEIform="date">June 2003</date>
         <respStmt TEIform="respStmt">
         <name TEIform="name">Alice Hickcox</name>
         <resp TEIform="resp">encoder, Beck Center staff</resp></respStmt>
         <item TEIform="item">assembled into 1 file</item>
       </change>
 <change TEIform="change">
        <date TEIform="date">June 2004</date>
         <respStmt TEIform="respStmt">
         <name TEIform="name">Alice Hickcox</name>
         <resp TEIform="resp">encoder, Beck Center staff</resp></respStmt>
         <item TEIform="item">split into 32 files</item>
       </change>
    </revisionDesc>
  </teiHeader>

<text id="day30" TEIform="text">
<front TEIform="front">
<castList TEIform="castList">
<castItem TEIform="castItem" type="role">
<role id="mrjg" TEIform="role">Mr Justice Gray</role>
</castItem>
<castItem TEIform="castItem" type="role">
<role id="rrqc" TEIform="role">Mr Rampton</role>
</castItem>
<castItem TEIform="castItem" type="role">
<role id="djci" TEIform="role">Mr Irving</role>
</castItem>
<castItem TEIform="castItem" type="role">
<role id="millar" TEIform="role">Mr Peter Millar</role>
</castItem>
<castItem TEIform="castItem" type="role">
<role id="pkmc" TEIform="role">Professor Kevin McDonald</role>
</castItem>
<castItem TEIform="castItem" type="role">
<role id="keegan" TEIform="role">Sir John Keegan</role>
</castItem>
<castItem TEIform="castItem" type="role">
<role id="chairman" TEIform="role">The Chairman</role>
</castItem>
<castItem TEIform="castItem" type="role">
<role id="drhf" TEIform="role">Dr Hajo Funke</role>
</castItem>
<castItem TEIform="castItem" type="role">
<role id="interpreter" TEIform="role">Interpreter</role>
</castItem>
<castItem TEIform="castItem" type="role">
<role id="watt" TEIform="role">Professor Cameron Watt</role>
</castItem>
<castItem TEIform="castItem" type="role">
<role id="pcrb" TEIform="role">Professor Christopher Robert Browning</role>
</castItem>
<castItem TEIform="castItem" type="role">
<role id="dhpl" TEIform="role">Dr Heinz Peter Longerich</role>
</castItem>
<castItem TEIform="castItem" type="role">
<role id="prje" TEIform="role">Professor Richard John Evans</role>
</castItem>
<castItem TEIform="castItem" type="role">
<role id="pelt" TEIform="role">Professor Robert Jan van Pelt</role>
</castItem>
<castItem TEIform="castItem" type="role">
<role id="rogers" TEIform="role">Miss Heather Rogers</role>
</castItem>
<castItem TEIform="castItem" type="role">
<role id="julius" TEIform="role">Mr Anthony Julius</role>
</castItem>
</castList>

<titlePage TEIform="titlePage">
<docTitle TEIform="docTitle">
<titlePart TEIform="titlePart" type="main">
<lb n=" 1" TEIform="lb"/>IN THE HIGH COURT OF JUSTICE <lb TEIform="lb"/>

    1996 I. No. 113<lb TEIform="lb"/>

QUEEN'S BENCH DIVISION
<lb n=" 2" TEIform="lb"/>Royal Courts of Justice
<lb n=" 3" TEIform="lb"/>Strand, London
<lb n=" 4" TEIform="lb"/><date n="day30" value="2000-03-06" TEIform="date">Monday, 6th March 2000</date>
<lb n=" 5" TEIform="lb"/>
<lb n=" 6" TEIform="lb"/>Before:
<lb n=" 7" TEIform="lb"/>MR JUSTICE GRAY
<lb n=" 8" TEIform="lb"/>
<lb n=" 9" TEIform="lb"/>B E T W E E N: DAVID JOHN CAWDELL IRVING
<lb n="10" TEIform="lb"/>Claimant -and-
<lb n="11" TEIform="lb"/>(1) PENGUIN BOOKS LIMITED
<lb n="12" TEIform="lb"/>(2) DEBORAH E. LIPSTADT
<lb n="13" TEIform="lb"/>Defendants
<lb n="14" TEIform="lb"/>The Claimant appeared in person
<lb n="15" TEIform="lb"/>MR RICHARD RAMPTON Q.C. (instructed by Messrs Davenport Lyons and Mishcon de Reya) appeared on behalf of the First and
<lb n="16" TEIform="lb"/>Second Defendants
<lb n="17" TEIform="lb"/>MISS HEATHER ROGERS (instructed by Davenport Lyons) appeared on behalf of the First Defendant Penguin Books Limited
<lb n="18" TEIform="lb"/>MR ANTHONY JULIUS (of Mishcon de Reya) appeared on behalf of
<lb n="19" TEIform="lb"/>the Second Defendant Deborah Lipstadt
<lb n="20" TEIform="lb"/>
<lb n="21" TEIform="lb"/>(Transcribed from the stenographic notes of Harry Counsell<lb TEIform="lb"/>

&#x0026;Company, Clifford's Inn, Fetter Lane, London EC4
<lb n="22" TEIform="lb"/>Telephone: 020-7242-9346)
<lb n="23" TEIform="lb"/>(This transcript is not to be reproduced without the written permission of Harry<lb TEIform="lb"/>

Counsell &#x0026;Company)
<lb n="24" TEIform="lb"/>
<lb n="25" TEIform="lb"/><title n="day30" TEIform="title">PROCEEDINGS - DAY THIRTY</title>
<lb n="26" TEIform="lb"/>

</titlePart>

</docTitle>

<pb n=".        P-1" TEIform="pb"/>

</titlePage>

</front>

<!--START TEXT HERE-->

<body TEIform="body">
<lb n=" 1" TEIform="lb"/><head TEIform="head">&#x003C;Day 30
<lb n=" 2" TEIform="lb"/>(10.30 a.m.)</head>
<lb n=" 3" TEIform="lb"/><sp who="mrjg" TEIform="sp"><speaker TEIform="speaker">MR JUSTICE GRAY:</speaker><p TEIform="p">Yes, Mr Irving?</p></sp>
<lb n=" 4" TEIform="lb"/><sp who="djci" TEIform="sp"><speaker TEIform="speaker">MR IRVING:</speaker><p TEIform="p">May it please the court, may I just first begin, as
<lb n=" 5" TEIform="lb"/>this is our last informal session, so to speak, before we
<lb n=" 6" TEIform="lb"/>come to more formal matters, just by expressing words of
<lb n=" 7" TEIform="lb"/>my appreciation for the work put in by the defending firms
<lb n=" 8" TEIform="lb"/>of solicitors.  They have had an extra burden put upon
<lb n=" 9" TEIform="lb"/>them by the fact that I am a litigant in person and I
<lb n="10" TEIform="lb"/>deeply appreciate their efficiency in this matter.
<lb n="11" TEIform="lb"/>I appreciate their help in this matter.</p></sp>
<lb n="12" TEIform="lb"/><sp who="mrjg" TEIform="sp"><speaker TEIform="speaker">MR JUSTICE GRAY:</speaker><p TEIform="p">That is very fair of you to say that.</p></sp>
<lb n="13" TEIform="lb"/><sp who="djci" TEIform="sp"><speaker TEIform="speaker">MR IRVING:</speaker><p TEIform="p">It is proper I should say that as a matter of
<lb n="14" TEIform="lb"/>record.  My Lord, I have two or three matters to deal with
<lb n="15" TEIform="lb"/>today.  If I can propose the agenda for this morning?  It
<lb n="16" TEIform="lb"/>would be to deal with these two or three matters of mine
<lb n="17" TEIform="lb"/>first which include my points on the video films, then
<lb n="18" TEIform="lb"/>subsequently to take up the matter of your Lordship's list
<lb n="19" TEIform="lb"/>of issues, unless your Lordship wishes to put it the other
<lb n="20" TEIform="lb"/>way round?</p></sp>
<lb n="21" TEIform="lb"/><sp who="mrjg" TEIform="sp"><speaker TEIform="speaker">MR JUSTICE GRAY:</speaker><p TEIform="p">That sounds to me perfectly sensible.
<lb n="22" TEIform="lb"/>Mr Rampton, you do not object to that, do you?</p></sp>
<lb n="23" TEIform="lb"/><sp who="rrqc" TEIform="sp"><speaker TEIform="speaker">MR RAMPTON:</speaker><p TEIform="p">What I would suggest we do is Mr Irving makes his
<lb n="24" TEIform="lb"/>points -- I had thought there was only the one individual
<lb n="25" TEIform="lb"/>video in question actually which was the Halle video -- if
<lb n="26" TEIform="lb"/>he makes on that, then Mr Julius, if your Lordship will,

<pb n=".  P-2" TEIform="pb"/>




<lb n=" 1" TEIform="lb"/>will reply on that because he knows the story, I do not,
<lb n=" 2" TEIform="lb"/>and if it goes through me, I am likely to get it wrong.
<lb n=" 3" TEIform="lb"/>Then, when we have done that and your Lordship has made
<lb n=" 4" TEIform="lb"/>whatever ruling or decision is necessary, then we should
<lb n=" 5" TEIform="lb"/>go on to the list.  I also want to say something about the
<lb n=" 6" TEIform="lb"/>closing speeches which, looking at the transcript of
<lb n=" 7" TEIform="lb"/>Thursday evening, it ended up in a bit of a muddle.  I do
<lb n=" 8" TEIform="lb"/>not really know what it is that I am supposed to do, but
<lb n=" 9" TEIform="lb"/>I would like to go back to that and revisit that, if I
<lb n="10" TEIform="lb"/>may?</p></sp>
<lb n="11" TEIform="lb"/><sp who="mrjg" TEIform="sp"><speaker TEIform="speaker">MR JUSTICE GRAY:</speaker><p TEIform="p">Sure.  So, Mr Irving, let us start off with
<lb n="12" TEIform="lb"/>the ----</p></sp>
<lb n="13" TEIform="lb"/><sp who="djci" TEIform="sp"><speaker TEIform="speaker">MR IRVING:</speaker><p TEIform="p">My Lord, I have put a small bundle, or two or three
<lb n="14" TEIform="lb"/>small bundles, in front of your Lordship.  The one marked
<lb n="15" TEIform="lb"/>"A" in the top right-hand corner, as your Lordship will
<lb n="16" TEIform="lb"/>remember, there was a question as to whether the diary
<lb n="17" TEIform="lb"/>entry July 24th on a certain day was complete, and I have
<lb n="18" TEIform="lb"/>now disclosed voluntarily the entire diary entries for
<lb n="19" TEIform="lb"/>that week, effectively, which shows there was one sentence
<lb n="20" TEIform="lb"/>redacted.  There was a suspicion, my Lord, that there
<lb n="21" TEIform="lb"/>might have been some reference to the National Alliance in
<lb n="22" TEIform="lb"/>that opening sentence and ----</p></sp>
<lb n="23" TEIform="lb"/><sp who="mrjg" TEIform="sp"><speaker TEIform="speaker">MR JUSTICE GRAY:</speaker><p TEIform="p">And there is not.</p></sp>
<lb n="24" TEIform="lb"/><sp who="djci" TEIform="sp"><speaker TEIform="speaker">MR IRVING:</speaker><p TEIform="p">There is not.  If the Defendants wish to send
<lb n="25" TEIform="lb"/>somebody to inspect the actual computer disk on which that
<lb n="26" TEIform="lb"/>entry is recorded, just to make sure it has not been

<pb n=".  P-3" TEIform="pb"/>




<lb n=" 1" TEIform="lb"/>amended in some way, then I would be quite happy to ----</p></sp>
<lb n=" 2" TEIform="lb"/><sp who="mrjg" TEIform="sp"><speaker TEIform="speaker">MR JUSTICE GRAY:</speaker><p TEIform="p">I doubt whether they will want to.</p></sp>
<lb n=" 3" TEIform="lb"/><sp who="djci" TEIform="sp"><speaker TEIform="speaker">MR IRVING:</speaker><p TEIform="p">--- to establish.  My Lord, little bundle B ----</p></sp>
<lb n=" 4" TEIform="lb"/><sp who="mrjg" TEIform="sp"><speaker TEIform="speaker">MR JUSTICE GRAY:</speaker><p TEIform="p">I am sorry, I am going to just put these
<lb n=" 5" TEIform="lb"/>documents where they belong.  I will not do it now but can
<lb n=" 6" TEIform="lb"/>somebody give me the ----</p></sp>
<lb n=" 7" TEIform="lb"/><sp who="rrqc" TEIform="sp"><speaker TEIform="speaker">MR RAMPTON:</speaker><p TEIform="p">RWE 1.  I cannot tell you -- tab 2.</p></sp>
<lb n=" 8" TEIform="lb"/><sp who="mrjg" TEIform="sp"><speaker TEIform="speaker">MR JUSTICE GRAY:</speaker><p TEIform="p">Good.</p></sp>
<lb n=" 9" TEIform="lb"/><sp who="djci" TEIform="sp"><speaker TEIform="speaker">MR IRVING:</speaker><p TEIform="p">Little bundle B.  Your Lordship wished to have a
<lb n="10" TEIform="lb"/>note on the BBC gas chamber propaganda, if I can put it
<lb n="11" TEIform="lb"/>like that.  I have put together a two-page summary of a
<lb n="12" TEIform="lb"/>broadcast made by one broadcaster, Thomas Mann, the famous
<lb n="13" TEIform="lb"/>German novelist, in November, January and June 1942 which
<lb n="14" TEIform="lb"/>I think are the material dates, before the Rigner letter
<lb n="15" TEIform="lb"/>from Geneva, and attached to that are photocopies from the
<lb n="16" TEIform="lb"/>published version of his broadcasts, and the footnotes are
<lb n="17" TEIform="lb"/>the references from his diaries which fix the actual dates
<lb n="18" TEIform="lb"/>when the broadcasts were made.</p></sp>
<lb n="19" TEIform="lb"/><sp who="mrjg" TEIform="sp"><speaker TEIform="speaker">MR JUSTICE GRAY:</speaker><p TEIform="p">Did he talk about----</p></sp>
<lb n="20" TEIform="lb"/><sp who="djci" TEIform="sp"><speaker TEIform="speaker">MR IRVING:</speaker><p TEIform="p">He did talk about gas chambers.</p></sp>
<lb n="21" TEIform="lb"/><sp who="mrjg" TEIform="sp"><speaker TEIform="speaker">MR JUSTICE GRAY:</speaker><p TEIform="p">--- gas chambers?</p></sp>
<lb n="22" TEIform="lb"/><sp who="djci" TEIform="sp"><speaker TEIform="speaker">MR IRVING:</speaker><p TEIform="p">My Lord, he talked about mass gassings at line 2 of
<lb n="23" TEIform="lb"/>the second page.  He talked in the second item, which is
<lb n="24" TEIform="lb"/>dated January 1942, of 400 Young Dutch Jews being sent as
<lb n="25" TEIform="lb"/>test objects for poisons gas.  He corrected that on June
<lb n="26" TEIform="lb"/>26th 1942 to say it was 800 who had been to Mauthausen

<pb n=".  P-4" TEIform="pb"/>




<lb n=" 1" TEIform="lb"/>where they were gassed.</p></sp>
<lb n=" 2" TEIform="lb"/><sp who="mrjg" TEIform="sp"><speaker TEIform="speaker">MR JUSTICE GRAY:</speaker><p TEIform="p">Yes.  Again where is that?</p></sp>
<lb n=" 3" TEIform="lb"/><sp who="djci" TEIform="sp"><speaker TEIform="speaker">MR IRVING:</speaker><p TEIform="p">My Lord, you have already had something like that
<lb n=" 4" TEIform="lb"/>similar, but not in that neater form.</p></sp>
<lb n=" 5" TEIform="lb"/><sp who="mrjg" TEIform="sp"><speaker TEIform="speaker">MR JUSTICE GRAY:</speaker><p TEIform="p">Unfortunately, I have not, I think, now got
<lb n=" 6" TEIform="lb"/>all the...</p></sp>
<lb n=" 7" TEIform="lb"/><sp who="djci" TEIform="sp"><speaker TEIform="speaker">MR IRVING:</speaker><p TEIform="p">I will certainly refer to that in my closing
<lb n=" 8" TEIform="lb"/>address with all that detail, and so you might wish just
<lb n=" 9" TEIform="lb"/>to throw those away.</p></sp>
<lb n="10" TEIform="lb"/><sp who="rogers" TEIform="sp"><speaker TEIform="speaker">MS ROGERS:</speaker><p TEIform="p">For ease, if you put in J2, tab 19, which is the
<lb n="11" TEIform="lb"/>next empty tab, we will provide an index to Mr Irving of
<lb n="12" TEIform="lb"/>everything that is in J2 and ----</p></sp>
<lb n="13" TEIform="lb"/><sp who="mrjg" TEIform="sp"><speaker TEIform="speaker">MR JUSTICE GRAY:</speaker><p TEIform="p">You have done that almost up-to-date already,
<lb n="14" TEIform="lb"/>I think.</p></sp>
<lb n="15" TEIform="lb"/><sp who="djci" TEIform="sp"><speaker TEIform="speaker">MR IRVING:</speaker><p TEIform="p">My Lord, the next matter is the Halle video or
<lb n="16" TEIform="lb"/>videos.  If your Lordship will turn to bundle C, which is
<lb n="17" TEIform="lb"/>somewhat thicker, but I am not going to take you through
<lb n="18" TEIform="lb"/>all the documents on that, it was a bundle put together
<lb n="19" TEIform="lb"/>for the actual action in a lower court before Master
<lb n="20" TEIform="lb"/>Trench.  It is bundle C.  I have inserted just behind the
<lb n="21" TEIform="lb"/>index a photograph of the three original videos which fell
<lb n="22" TEIform="lb"/>into my hands.  They look rather tatty and I attach
<lb n="23" TEIform="lb"/>importance to that.</p></sp>
<lb n="24" TEIform="lb"/><sp who="mrjg" TEIform="sp"><speaker TEIform="speaker">MR JUSTICE GRAY:</speaker><p TEIform="p">When you say they fell into your hands, you
<lb n="25" TEIform="lb"/>got these from this week, did you?</p></sp>
<lb n="26" TEIform="lb"/><sp who="djci" TEIform="sp"><speaker TEIform="speaker">MR IRVING:</speaker><p TEIform="p">Let me first of all set out ----</p></sp>

<pb n=".  P-5" TEIform="pb"/>


<lb n=" 1" TEIform="lb"/><sp who="rrqc" TEIform="sp"><speaker TEIform="speaker">MR RAMPTON:</speaker><p TEIform="p">I thought bundle C was the witness bundle, but it
<lb n=" 2" TEIform="lb"/>is obviously something different.</p></sp>
<lb n=" 3" TEIform="lb"/><sp who="djci" TEIform="sp"><speaker TEIform="speaker">MR IRVING:</speaker><p TEIform="p">There should be three or four bundle Cs over there.</p></sp>
<lb n=" 4" TEIform="lb"/><sp who="mrjg" TEIform="sp"><speaker TEIform="speaker">MR JUSTICE GRAY:</speaker><p TEIform="p">It has "Halle" in the top right-hand corner
<lb n=" 5" TEIform="lb"/>under the "C".</p></sp>
<lb n=" 6" TEIform="lb"/><sp who="djci" TEIform="sp"><speaker TEIform="speaker">MR IRVING:</speaker><p TEIform="p">"Halle" in the top right-hand corner and also ----</p></sp>
<lb n=" 7" TEIform="lb"/><sp who="rrqc" TEIform="sp"><speaker TEIform="speaker">MR RAMPTON:</speaker><p TEIform="p">I do not think I have got that.</p></sp>
<lb n=" 8" TEIform="lb"/><sp who="djci" TEIform="sp"><speaker TEIform="speaker">MR IRVING:</speaker><p TEIform="p">I am sorry, could his Lordship possibly have a
<lb n=" 9" TEIform="lb"/>slightly better picture?</p></sp>
<lb n="10" TEIform="lb"/><sp who="mrjg" TEIform="sp"><speaker TEIform="speaker">MR JUSTICE GRAY:</speaker><p TEIform="p">Thank you very much.</p></sp>
<lb n="11" TEIform="lb"/><sp who="djci" TEIform="sp"><speaker TEIform="speaker">MR IRVING:</speaker><p TEIform="p">My Lord, first of all, let me say that this is a
<lb n="12" TEIform="lb"/>matter which goes to the issue of evidence, the
<lb n="13" TEIform="lb"/>admissibility.  It also goes to the question of the
<lb n="14" TEIform="lb"/>conduct of the case which has a bearing on damages and
<lb n="15" TEIform="lb"/>costs.  So, I would ask your Lordship to bear those three
<lb n="16" TEIform="lb"/>matters in mind.</p></sp>
<lb n="17" TEIform="lb"/><sp who="mrjg" TEIform="sp"><speaker TEIform="speaker">MR JUSTICE GRAY:</speaker><p TEIform="p">Well, I think I only really need to trouble
<lb n="18" TEIform="lb"/>you about admissibility.</p></sp>
<lb n="19" TEIform="lb"/><sp who="djci" TEIform="sp"><speaker TEIform="speaker">MR IRVING:</speaker><p TEIform="p">At this stage.</p></sp>
<lb n="20" TEIform="lb"/><sp who="mrjg" TEIform="sp"><speaker TEIform="speaker">MR JUSTICE GRAY:</speaker><p TEIform="p">If you want to say anything about damages,
<lb n="21" TEIform="lb"/>then do that in your final speech.  I understand the point
<lb n="22" TEIform="lb"/>you are making, but we are only really concerned with
<lb n="23" TEIform="lb"/>admissibility now.</p></sp>
<lb n="24" TEIform="lb"/><sp who="djci" TEIform="sp"><speaker TEIform="speaker">MR IRVING:</speaker><p TEIform="p">Well, in that case that makes this session this
<lb n="25" TEIform="lb"/>morning much briefer because I was about to take your
<lb n="26" TEIform="lb"/>Lordship through the rather sorry history of how this

<pb n=".  P-6" TEIform="pb"/>




<lb n=" 1" TEIform="lb"/>evidence was withheld from me.</p></sp>
<lb n=" 2" TEIform="lb"/><sp who="mrjg" TEIform="sp"><speaker TEIform="speaker">MR JUSTICE GRAY:</speaker><p TEIform="p">I do not think now is the right time to do
<lb n=" 3" TEIform="lb"/>that.  What you are, presumably, going to say (and I
<lb n=" 4" TEIform="lb"/>express no view about it) is that the way in which they
<lb n=" 5" TEIform="lb"/>have dealt with this material is an illustration of the
<lb n=" 6" TEIform="lb"/>high handed way the Defendants have behaved and the
<lb n=" 7" TEIform="lb"/>offensive way in which they have conducted their case
<lb n=" 8" TEIform="lb"/>generally, is that the kind of point you are making?</p></sp>
<lb n=" 9" TEIform="lb"/><sp who="djci" TEIform="sp"><speaker TEIform="speaker">MR IRVING:</speaker><p TEIform="p">I would have used different adjectives, but that is
<lb n="10" TEIform="lb"/>certainly my case, my Lord, that they have used muscle,
<lb n="11" TEIform="lb"/>they have used wealth, they have used power, they have
<lb n="12" TEIform="lb"/>used experience -- they are one of the most experienced
<lb n="13" TEIform="lb"/>firms of solicitors in this country, and I make no
<lb n="14" TEIform="lb"/>criticism of that fact -- against myself as a litigant to
<lb n="15" TEIform="lb"/>try to conceal evidence from me, although the Second
<lb n="16" TEIform="lb"/>Defendant had sworn an affidavit, they then referred me to
<lb n="17" TEIform="lb"/>the affidavit to prevent me from making further enquiries
<lb n="18" TEIform="lb"/>saying, "You can go behind that when the time comes to
<lb n="19" TEIform="lb"/>cross-examine", which, of course, has been denied me, that
<lb n="20" TEIform="lb"/>opportunity; and they have had these three versions of the
<lb n="21" TEIform="lb"/>Halle video in their hands, the Thames Television version
<lb n="22" TEIform="lb"/>as broadcast, the Dispatches version and then also the
<lb n="23" TEIform="lb"/>heavily edited version and then there is the raw version
<lb n="24" TEIform="lb"/>which I have looked at two or three times, particularly
<lb n="25" TEIform="lb"/>relating to the episode where I am standing making the
<lb n="26" TEIform="lb"/>speech in Halle.  That too has been cut by the cameraman.</p>

<pb n=".  P-7" TEIform="pb"/>


<lb n=" 1" TEIform="lb"/><p TEIform="p">If they are proposing to attach any weight to
<lb n=" 2" TEIform="lb"/>this, then I would wish to make objections which your
<lb n=" 3" TEIform="lb"/>Lordship can well apprehend what those objections would be
<lb n=" 4" TEIform="lb"/>as to the admissibility.  It is edited material, as a
<lb n=" 5" TEIform="lb"/>document, a video is a document within the terms of the
<lb n=" 6" TEIform="lb"/>rules of evidence and the Rules of the Supreme Court.
<lb n=" 7" TEIform="lb"/>That is why I made the original application under rule 24
<lb n=" 8" TEIform="lb"/>I think 13 or 16 to have that material struck out because
<lb n=" 9" TEIform="lb"/>of the withholding of the evidence from me.  We had quite
<lb n="10" TEIform="lb"/>an intensive session and Master Trench, because the
<lb n="11" TEIform="lb"/>solicitors in that case broke an undertaking to bring the
<lb n="12" TEIform="lb"/>originals to the High Court for the hearing before Master
<lb n="13" TEIform="lb"/>Trench, I was unable to establish that it was originals
<lb n="14" TEIform="lb"/>and, therefore, not privileged material.  But that is, of
<lb n="15" TEIform="lb"/>course, the other matter.  That goes to the conduct of the
<lb n="16" TEIform="lb"/>case.</p></sp>
<lb n="17" TEIform="lb"/><sp who="mrjg" TEIform="sp"><speaker TEIform="speaker">MR JUSTICE GRAY:</speaker><p TEIform="p">Yes.  Just concentrate on admissibility.  As
<lb n="18" TEIform="lb"/>I understand it, you do not dispute that what was shown in
<lb n="19" TEIform="lb"/>court the other day is from a tape, but you say that it
<lb n="20" TEIform="lb"/>has been so heavily edited as to give a false impression
<lb n="21" TEIform="lb"/>of what actually happened?</p></sp>
<lb n="22" TEIform="lb"/><sp who="djci" TEIform="sp"><speaker TEIform="speaker">MR IRVING:</speaker><p TEIform="p">It does not give ----</p></sp>
<lb n="23" TEIform="lb"/><sp who="mrjg" TEIform="sp"><speaker TEIform="speaker">MR JUSTICE GRAY:</speaker><p TEIform="p">Is that the way you put it?</p></sp>
<lb n="24" TEIform="lb"/><sp who="djci" TEIform="sp"><speaker TEIform="speaker">MR IRVING:</speaker><p TEIform="p">It does not give a complete record of my speech, my
<lb n="25" TEIform="lb"/>Lord.  It omits major parts which, in fact, as your
<lb n="26" TEIform="lb"/>Lordship would see from the bundle of the letters I wrote

<pb n=".  P-8" TEIform="pb"/>




<lb n=" 1" TEIform="lb"/>before I even was aware the tape existed when I was
<lb n=" 2" TEIform="lb"/>applying to all the television companies for the content
<lb n=" 3" TEIform="lb"/>of the speech, if your Lordship were to look at the
<lb n=" 4" TEIform="lb"/>letters that I wrote in April 1993 to all the television
<lb n=" 5" TEIform="lb"/>companies frantically trying to find anyone who had a copy
<lb n=" 6" TEIform="lb"/>of the original film, those are round about page 19, those
<lb n=" 7" TEIform="lb"/>are typical letters.  Then I swore affidavits in Australia
<lb n=" 8" TEIform="lb"/>in 1994, that is long before this action was initiated,
<lb n=" 9" TEIform="lb"/>the present action, saying what was in it; the fact that
<lb n="10" TEIform="lb"/>I reprimanded the people for making these stupid slogans,
<lb n="11" TEIform="lb"/>and the fact that in the part of the speech that is cut
<lb n="12" TEIform="lb"/>out I said to the audience, "You people are all young.
<lb n="13" TEIform="lb"/>I am now old.  It is the other way round.  It used to be
<lb n="14" TEIform="lb"/>the old people sitting in front of me and me, the young
<lb n="15" TEIform="lb"/>person, talking to me, but now you, people, are young,
<lb n="16" TEIform="lb"/>I am old.  I am talking to you.  You are Germany's
<lb n="17" TEIform="lb"/>future.  The world's eyes are upon you, you have to start
<lb n="18" TEIform="lb"/>behaving".  That material, unfortunately, is part of the
<lb n="19" TEIform="lb"/>material that has been cut out of the video tape.</p></sp>
<lb n="20" TEIform="lb"/><sp who="mrjg" TEIform="sp"><speaker TEIform="speaker">MR JUSTICE GRAY:</speaker><p TEIform="p">Yes, so, I mean, what you are really saying
<lb n="21" TEIform="lb"/>is that even in its unedited form, that is to say, before
<lb n="22" TEIform="lb"/>the Defendants, as it were, got their hands on it, if
<lb n="23" TEIform="lb"/>indeed they did, it gives a false impression because the
<lb n="24" TEIform="lb"/>original team -- was it an Australian team -- did not
<lb n="25" TEIform="lb"/>actually video, or This Week or whoever it was, the whole
<lb n="26" TEIform="lb"/>of what you said?</p></sp>

<pb n=".  P-9" TEIform="pb"/>


<lb n=" 1" TEIform="lb"/><sp who="djci" TEIform="sp"><speaker TEIform="speaker">MR IRVING:</speaker><p TEIform="p">The particular one which we have is the This Week
<lb n=" 2" TEIform="lb"/>raw footage and it stops and starts, if I can put it like
<lb n=" 3" TEIform="lb"/>that?</p></sp>
<lb n=" 4" TEIform="lb"/><sp who="mrjg" TEIform="sp"><speaker TEIform="speaker">MR JUSTICE GRAY:</speaker><p TEIform="p">No, I appreciate that.</p></sp>
<lb n=" 5" TEIform="lb"/><sp who="djci" TEIform="sp"><speaker TEIform="speaker">MR IRVING:</speaker><p TEIform="p">Therefore, it is an incomplete record of my
<lb n=" 6" TEIform="lb"/>speech.  It may be a complete record or give a good image,
<lb n=" 7" TEIform="lb"/>and I admit this, of the kind of atmosphere and the flag
<lb n=" 8" TEIform="lb"/>waving, and this kind of thing, and I possibly even say
<lb n=" 9" TEIform="lb"/>that against myself, but as far as the content of my
<lb n="10" TEIform="lb"/>speech is concerned, it is a dodgy record.</p></sp>
<lb n="11" TEIform="lb"/><sp who="mrjg" TEIform="sp"><speaker TEIform="speaker">MR JUSTICE GRAY:</speaker><p TEIform="p">Yes.  It seems to me what you are telling me
<lb n="12" TEIform="lb"/>now really does not amount to an objection as to the
<lb n="13" TEIform="lb"/>admissibility of the tape, but is rather a submission you
<lb n="14" TEIform="lb"/>want to make that it is so heavily edited that it does not
<lb n="15" TEIform="lb"/>give a fair impression of what actually happened.  It
<lb n="16" TEIform="lb"/>seems to me, perhaps, to follow that the way to deal with
<lb n="17" TEIform="lb"/>the problem is not to rule the tape inadmissible, but to
<lb n="18" TEIform="lb"/>let you, if you have not already done so, indicate what it
<lb n="19" TEIform="lb"/>is that has not been taped which would give a completely
<lb n="20" TEIform="lb"/>different impression of what you said at that meeting.</p></sp>
<lb n="21" TEIform="lb"/><sp who="djci" TEIform="sp"><speaker TEIform="speaker">MR IRVING:</speaker><p TEIform="p">Not only that, my Lord, but also the implication,
<lb n="22" TEIform="lb"/>the false implication, that may be given that because
<lb n="23" TEIform="lb"/>certain people are visible on the video, therefore, I knew
<lb n="24" TEIform="lb"/>them which, of course, easily obtained by cross-cutting
<lb n="25" TEIform="lb"/>and by cutting out large chunks.  I would have preferred
<lb n="26" TEIform="lb"/>your Lordship to make a simple ruling that the tape may be

<pb n=".  P-10" TEIform="pb"/>




<lb n=" 1" TEIform="lb"/>used as evidence for the atmosphere at that meeting, the
<lb n=" 2" TEIform="lb"/>kind of people who were there possibly even, but not as
<lb n=" 3" TEIform="lb"/>evidence for Mr Irving's contact with them.</p></sp>
<lb n=" 4" TEIform="lb"/><sp who="mrjg" TEIform="sp"><speaker TEIform="speaker">MR JUSTICE GRAY:</speaker><p TEIform="p">Well, I do not wholly disagree with that.  I
<lb n=" 5" TEIform="lb"/>think the only thing I would add is there were some people
<lb n=" 6" TEIform="lb"/>there, and I am afraid the names are not actually at the
<lb n=" 7" TEIform="lb"/>front of my mind at the moment.</p></sp>
<lb n=" 8" TEIform="lb"/><sp who="djci" TEIform="sp"><speaker TEIform="speaker">MR IRVING:</speaker><p TEIform="p">Christian Worch.</p></sp>
<lb n=" 9" TEIform="lb"/><sp who="mrjg" TEIform="sp"><speaker TEIform="speaker">MR JUSTICE GRAY:</speaker><p TEIform="p">Althans was one, was he not?</p></sp>
<lb n="10" TEIform="lb"/><sp who="djci" TEIform="sp"><speaker TEIform="speaker">MR IRVING:</speaker><p TEIform="p">Althans was not there.  I think the relevant names,
<lb n="11" TEIform="lb"/>as far as Halle are concerned -- I am sure Mr Rampton or
<lb n="12" TEIform="lb"/>Miss Rogers will correct me -- Christian Worch, who was
<lb n="13" TEIform="lb"/>the organizer.  I saw the video again last night.</p></sp>
<lb n="14" TEIform="lb"/><sp who="mrjg" TEIform="sp"><speaker TEIform="speaker">MR JUSTICE GRAY:</speaker><p TEIform="p">There is no issue about you knew he was there
<lb n="15" TEIform="lb"/>and indeed you had some ----</p></sp>
<lb n="16" TEIform="lb"/><sp who="djci" TEIform="sp"><speaker TEIform="speaker">MR IRVING:</speaker><p TEIform="p">I knew he was there -- well, I found him there, put
<lb n="17" TEIform="lb"/>it like that.  I travelled down there with his wife Uschi.
<lb n="18" TEIform="lb"/>She was there.</p></sp>
<lb n="19" TEIform="lb"/><sp who="mrjg" TEIform="sp"><speaker TEIform="speaker">MR JUSTICE GRAY:</speaker><p TEIform="p">Who was the other one who did the speech at
<lb n="20" TEIform="lb"/>the beginning with the slightly sort of receding hair?</p></sp>
<lb n="21" TEIform="lb"/><sp who="djci" TEIform="sp"><speaker TEIform="speaker">MR IRVING:</speaker><p TEIform="p">I think the allegation is that Thomas Dienel was
<lb n="22" TEIform="lb"/>there, a man called Thomas Dienel.</p></sp>
<lb n="23" TEIform="lb"/><sp who="mrjg" TEIform="sp"><speaker TEIform="speaker">MR JUSTICE GRAY:</speaker><p TEIform="p">Well, he was there, I think you accept that,
<lb n="24" TEIform="lb"/>and I would be inclined to conclude from the video that it
<lb n="25" TEIform="lb"/>was pretty obvious you realized he was there because he
<lb n="26" TEIform="lb"/>made the opening and closing speech.  You may deny that,

<pb n=".  P-11" TEIform="pb"/>




<lb n=" 1" TEIform="lb"/>but I mean that would seem to me to be the natural
<lb n=" 2" TEIform="lb"/>inference.</p></sp>
<lb n=" 3" TEIform="lb"/><sp who="djci" TEIform="sp"><speaker TEIform="speaker">MR IRVING:</speaker><p TEIform="p">I shall certainly deny it when the time comes, my
<lb n=" 4" TEIform="lb"/>Lord, because I have looked at the video again last
<lb n=" 5" TEIform="lb"/>night.  We are not visible together on the video and
<lb n=" 6" TEIform="lb"/>I have no notion who this man is.  There must have been a
<lb n=" 7" TEIform="lb"/>couple of thousand people there whose names I do not know.</p></sp>
<lb n=" 8" TEIform="lb"/><sp who="mrjg" TEIform="sp"><speaker TEIform="speaker">MR JUSTICE GRAY:</speaker><p TEIform="p">Again, you see, one has to look at the
<lb n=" 9" TEIform="lb"/>totality of the evidence, including your diary entries, as
<lb n="10" TEIform="lb"/>to how long you were there.  It is the sort of thing I
<lb n="11" TEIform="lb"/>have to make my mind up about, I think.</p></sp>
<lb n="12" TEIform="lb"/><sp who="djci" TEIform="sp"><speaker TEIform="speaker">MR IRVING:</speaker><p TEIform="p">In that case, my Lord, if you look at the
<lb n="13" TEIform="lb"/>affidavits and things which are contained in the bundle
<lb n="14" TEIform="lb"/>which I just gave you, you will see that I state:  "10
<lb n="15" TEIform="lb"/>minutes, made the speech and left" which is as far as the
<lb n="16" TEIform="lb"/>demonstration was concerned.  I went there, spoke for 10
<lb n="17" TEIform="lb"/>minutes or five minutes, then got straight in my car and
<lb n="18" TEIform="lb"/>drove off.  So whoever else is visible on the video for
<lb n="19" TEIform="lb"/>the remaining half an hour or three-quarters of an hour,
<lb n="20" TEIform="lb"/>it is neither here nor there.  Those affidavits, of
<lb n="21" TEIform="lb"/>course, were sworn back in '94 or '93, long before this
<lb n="22" TEIform="lb"/>action was commenced.</p>
<lb n="23" TEIform="lb"/><p TEIform="p">Of course, in my closing statement I am going to
<lb n="24" TEIform="lb"/>resist most energetically the notion that I had any
<lb n="25" TEIform="lb"/>knowledge of who those particular people were.  A number
<lb n="26" TEIform="lb"/>of the people, I am quite happy to acknowledge having

<pb n=".  P-12" TEIform="pb"/>




<lb n=" 1" TEIform="lb"/>known them, but I am certainly not going to admit knowing
<lb n=" 2" TEIform="lb"/>people like Thomas Dienel.</p></sp>
<lb n=" 3" TEIform="lb"/><sp who="mrjg" TEIform="sp"><speaker TEIform="speaker">MR JUSTICE GRAY:</speaker><p TEIform="p">I think you follow the way I am thinking at
<lb n=" 4" TEIform="lb"/>the moment, and say anything else you want to, which is
<lb n=" 5" TEIform="lb"/>that I do not think there really is a reason for not
<lb n=" 6" TEIform="lb"/>admitting the video, but there is certainly every reason
<lb n=" 7" TEIform="lb"/>to listen to what you say about why it is unrepresentative
<lb n=" 8" TEIform="lb"/>of what happened.</p></sp>
<lb n=" 9" TEIform="lb"/><sp who="djci" TEIform="sp"><speaker TEIform="speaker">MR IRVING:</speaker><p TEIform="p">Can we be specific which video we are talking
<lb n="10" TEIform="lb"/>about? There were three videos, my Lord.</p></sp>
<lb n="11" TEIform="lb"/><sp who="mrjg" TEIform="sp"><speaker TEIform="speaker">MR JUSTICE GRAY:</speaker><p TEIform="p">The Halle video.</p></sp>
<lb n="12" TEIform="lb"/><sp who="djci" TEIform="sp"><speaker TEIform="speaker">MR IRVING:</speaker><p TEIform="p">Yes, but the three videos which were pictured on
<lb n="13" TEIform="lb"/>the photograph I gave your Lordship this morning, there
<lb n="14" TEIform="lb"/>are three videos.  There are two raw videos and one
<lb n="15" TEIform="lb"/>broadcast video as broadcast by Tames TV and another one.
<lb n="16" TEIform="lb"/>I think we ought to know which one we are talking about as
<lb n="17" TEIform="lb"/>being admissible.</p></sp>
<lb n="18" TEIform="lb"/><sp who="mrjg" TEIform="sp"><speaker TEIform="speaker">MR JUSTICE GRAY:</speaker><p TEIform="p">As I say, I only saw one and I think you told
<lb n="19" TEIform="lb"/>me (but I may be wrong about this) that this was an edited
<lb n="20" TEIform="lb"/>version of the edited This Week version.</p></sp>
<lb n="21" TEIform="lb"/><sp who="rrqc" TEIform="sp"><speaker TEIform="speaker">MR RAMPTON:</speaker><p TEIform="p">No.</p></sp>
<lb n="22" TEIform="lb"/><sp who="djci" TEIform="sp"><speaker TEIform="speaker">MR IRVING:</speaker><p TEIform="p">No.</p></sp>
<lb n="23" TEIform="lb"/><sp who="mrjg" TEIform="sp"><speaker TEIform="speaker">MR JUSTICE GRAY:</speaker><p TEIform="p">Pause a moment.</p></sp>
<lb n="24" TEIform="lb"/><sp who="djci" TEIform="sp"><speaker TEIform="speaker">MR IRVING:</speaker><p TEIform="p">I think the one that you were shown, my Lord, was
<lb n="25" TEIform="lb"/>the raw version.</p></sp>
<lb n="26" TEIform="lb"/><sp who="rrqc" TEIform="sp"><speaker TEIform="speaker">MR RAMPTON:</speaker><p TEIform="p">Yes.  That is all there is.</p></sp>

<pb n=".  P-13" TEIform="pb"/>


<lb n=" 1" TEIform="lb"/><sp who="mrjg" TEIform="sp"><speaker TEIform="speaker">MR JUSTICE GRAY:</speaker><p TEIform="p">It is No. 223 in this little pile in your
<lb n=" 2" TEIform="lb"/>photograph?  The top two are unedited material.</p></sp>
<lb n=" 3" TEIform="lb"/><sp who="djci" TEIform="sp"><speaker TEIform="speaker">MR IRVING:</speaker><p TEIform="p">It was 226 or 227 you were shown, my Lord.  It
<lb n=" 4" TEIform="lb"/>could have been either because I have checked both of
<lb n=" 5" TEIform="lb"/>them.  They both contain the same footage whereas 223 is
<lb n=" 6" TEIform="lb"/>the version as broadcast.</p></sp>
<lb n=" 7" TEIform="lb"/><sp who="mrjg" TEIform="sp"><speaker TEIform="speaker">MR JUSTICE GRAY:</speaker><p TEIform="p">I see, right.  What is the difference between
<lb n=" 8" TEIform="lb"/>226 and 227 then?</p></sp>
<lb n=" 9" TEIform="lb"/><sp who="djci" TEIform="sp"><speaker TEIform="speaker">MR IRVING:</speaker><p TEIform="p">I have had a look at them and they appear to
<lb n="10" TEIform="lb"/>contain much the same raw material.</p></sp>
<lb n="11" TEIform="lb"/><sp who="mrjg" TEIform="sp"><speaker TEIform="speaker">MR JUSTICE GRAY:</speaker><p TEIform="p">I see.</p></sp>
<lb n="12" TEIform="lb"/><sp who="djci" TEIform="sp"><speaker TEIform="speaker">MR IRVING:</speaker><p TEIform="p">I do not know whether they are dupes or what.</p></sp>
<lb n="13" TEIform="lb"/><sp who="mrjg" TEIform="sp"><speaker TEIform="speaker">MR JUSTICE GRAY:</speaker><p TEIform="p">Yes, I think my comment still applies; it
<lb n="14" TEIform="lb"/>seems to me that is something that is legitimately
<lb n="15" TEIform="lb"/>available to the Defendants to use as evidence, subject to
<lb n="16" TEIform="lb"/>your entitlement to make the sort of comments that you
<lb n="17" TEIform="lb"/>have been making to me this morning.</p></sp>
<lb n="18" TEIform="lb"/><sp who="djci" TEIform="sp"><speaker TEIform="speaker">MR IRVING:</speaker><p TEIform="p">I certainly shall and I shall make my comments
<lb n="19" TEIform="lb"/>about the manner in which they withheld it from me,
<lb n="20" TEIform="lb"/>knowing that I have been looking for it for five years.</p></sp>
<lb n="21" TEIform="lb"/><sp who="mrjg" TEIform="sp"><speaker TEIform="speaker">MR JUSTICE GRAY:</speaker><p TEIform="p">That I am not following at the moment, but
<lb n="22" TEIform="lb"/>that seems, perhaps, not to go to admissibility but to
<lb n="23" TEIform="lb"/>damages.</p></sp>
<lb n="24" TEIform="lb"/><sp who="djci" TEIform="sp"><speaker TEIform="speaker">MR IRVING:</speaker><p TEIform="p">It does, well, to conduct of the case ----</p></sp>
<lb n="25" TEIform="lb"/><sp who="mrjg" TEIform="sp"><speaker TEIform="speaker">MR JUSTICE GRAY:</speaker><p TEIform="p">It comes to the same thing.</p></sp>
<lb n="26" TEIform="lb"/><sp who="djci" TEIform="sp"><speaker TEIform="speaker">MR IRVING:</speaker><p TEIform="p">--- which is a matter of cost as well.</p></sp>

<pb n=".  P-14" TEIform="pb"/>


<lb n=" 1" TEIform="lb"/><sp who="mrjg" TEIform="sp"><speaker TEIform="speaker">MR JUSTICE GRAY:</speaker><p TEIform="p">Well, maybe.  Do you want to say any more
<lb n=" 2" TEIform="lb"/>about it?</p></sp>
<lb n=" 3" TEIform="lb"/><sp who="djci" TEIform="sp"><speaker TEIform="speaker">MR IRVING:</speaker><p TEIform="p">Not on the Halle video, my Lord.  The other bundle
<lb n=" 4" TEIform="lb"/>E only went to the conduct of the case, my Lord.  That was
<lb n=" 5" TEIform="lb"/>the evidence that they had withheld the -- which now
<lb n=" 6" TEIform="lb"/>brings us to your Lordship's list.</p></sp>
<lb n=" 7" TEIform="lb"/><sp who="mrjg" TEIform="sp"><speaker TEIform="speaker">MR JUSTICE GRAY:</speaker><p TEIform="p">Before we get on to that, shall I ----</p></sp>
<lb n=" 8" TEIform="lb"/><sp who="rrqc" TEIform="sp"><speaker TEIform="speaker">MR RAMPTON:</speaker><p TEIform="p">I believe this hearing is in open court.
<lb n=" 9" TEIform="lb"/>Mr Irving has made some very grave allegations which, so
<lb n="10" TEIform="lb"/>far as I know, are completely illfounded against my
<lb n="11" TEIform="lb"/>solicitors.</p></sp>
<lb n="12" TEIform="lb"/><sp who="mrjg" TEIform="sp"><speaker TEIform="speaker">MR JUSTICE GRAY:</speaker><p TEIform="p">I am not going to go into it at the moment.</p></sp>
<lb n="13" TEIform="lb"/><sp who="rrqc" TEIform="sp"><speaker TEIform="speaker">MR RAMPTON:</speaker><p TEIform="p">No, I know, but I think, in fairness, they ought
<lb n="14" TEIform="lb"/>to have an opportunity to tell your Lordship briefly what
<lb n="15" TEIform="lb"/>did happen.  I only say this, that what your Lordship has
<lb n="16" TEIform="lb"/>seen is not edited in the sense that somebody has sat in a
<lb n="17" TEIform="lb"/>cutting room cutting it.  It is the film shot by the
<lb n="18" TEIform="lb"/>cameraman.  One knows that it is entire because the timing
<lb n="19" TEIform="lb"/>thing, the little black oblong at the left-hand side, is
<lb n="20" TEIform="lb"/>continuous.  So if it has been edited, it has been edited
<lb n="21" TEIform="lb"/>in that sense simply because the cameraman got bored and
<lb n="22" TEIform="lb"/>went and had a cup tea or whatever.</p></sp>
<lb n="23" TEIform="lb"/><sp who="mrjg" TEIform="sp"><speaker TEIform="speaker">MR JUSTICE GRAY:</speaker><p TEIform="p">Well, that is not quite the way I would look
<lb n="24" TEIform="lb"/>at it.  I suspect the cameraman, whoever he may have been,
<lb n="25" TEIform="lb"/>was looking for things that he thought would be good,
<lb n="26" TEIform="lb"/>juicy broadcasting material.</p></sp>

<pb n=".  P-15" TEIform="pb"/>


<lb n=" 1" TEIform="lb"/><sp who="rrqc" TEIform="sp"><speaker TEIform="speaker">MR RAMPTON:</speaker><p TEIform="p">No, I was being slightly frivolous, but if there
<lb n=" 2" TEIform="lb"/>has been any editing, it is by the become cameraman's own
<lb n=" 3" TEIform="lb"/>selection.</p></sp>
<lb n=" 4" TEIform="lb"/><sp who="mrjg" TEIform="sp"><speaker TEIform="speaker">MR JUSTICE GRAY:</speaker><p TEIform="p">Yes, I follow that point.</p></sp>
<lb n=" 5" TEIform="lb"/><sp who="rrqc" TEIform="sp"><speaker TEIform="speaker">MR RAMPTON:</speaker><p TEIform="p">And not by us.</p></sp>
<lb n=" 6" TEIform="lb"/><sp who="mrjg" TEIform="sp"><speaker TEIform="speaker">MR JUSTICE GRAY:</speaker><p TEIform="p">It is a question of what he chose and what he
<lb n=" 7" TEIform="lb"/>did not chose to include.</p></sp>
<lb n=" 8" TEIform="lb"/><sp who="djci" TEIform="sp"><speaker TEIform="speaker">MR IRVING:</speaker><p TEIform="p">My Lord, the cameraman was, I think, Michael
<lb n=" 9" TEIform="lb"/>Schmidt who was this cameraman ----</p></sp>
<lb n="10" TEIform="lb"/><sp who="rrqc" TEIform="sp"><speaker TEIform="speaker">MR RAMPTON:</speaker><p TEIform="p">That is as may be.  He is not my servant or agent
<lb n="11" TEIform="lb"/>and we have nothing to do with the way that film looks on
<lb n="12" TEIform="lb"/>the screen.</p></sp>
<lb n="13" TEIform="lb"/><sp who="djci" TEIform="sp"><speaker TEIform="speaker">MR IRVING:</speaker><p TEIform="p">Well, it goes to his Lordship's comment that the
<lb n="14" TEIform="lb"/>cameraman would have picked what interested him.</p></sp>
<lb n="15" TEIform="lb"/><sp who="mrjg" TEIform="sp"><speaker TEIform="speaker">MR JUSTICE GRAY:</speaker><p TEIform="p">Mr Julius, do we really benefit by going into
<lb n="16" TEIform="lb"/>detail as to the history of these videos?</p></sp>
<lb n="17" TEIform="lb"/><sp who="julius" TEIform="sp"><speaker TEIform="speaker">MR JULIUS:</speaker><p TEIform="p">I do not think so, my Lord, and I am not proposing
<lb n="18" TEIform="lb"/>to do that.  If I may, I will just make three points.  The
<lb n="19" TEIform="lb"/>first point is nothing was withheld from Mr Irving.  On
<lb n="20" TEIform="lb"/>the contrary, this is a tape on which we place some
<lb n="21" TEIform="lb"/>reliance.  The suggestion that we would not want to show
<lb n="22" TEIform="lb"/>it to Mr Irving or to show it to the court is, of course,
<lb n="23" TEIform="lb"/>absurd.</p>
<lb n="24" TEIform="lb"/><p TEIform="p">The second point I make is that no undertaking
<lb n="25" TEIform="lb"/>was broken.</p>
<lb n="26" TEIform="lb"/><p TEIform="p">The third point I would make is the point that

<pb n=".  P-16" TEIform="pb"/>




<lb n=" 1" TEIform="lb"/>has just been made by Mr Rampton, and that is that the
<lb n=" 2" TEIform="lb"/>tape your Lordship saw was not edited in any way.</p></sp>
<lb n=" 3" TEIform="lb"/><sp who="mrjg" TEIform="sp"><speaker TEIform="speaker">MR JUSTICE GRAY:</speaker><p TEIform="p">No.  I think I had misunderstood the position
<lb n=" 4" TEIform="lb"/>as to the editing, but can you just help me about this?
<lb n=" 5" TEIform="lb"/>I am not sure that I know what or, indeed, need to know at
<lb n=" 6" TEIform="lb"/>this stage what the argument was, but you, you the
<lb n=" 7" TEIform="lb"/>Defendants, had in your possession a copy of these videos
<lb n=" 8" TEIform="lb"/>from when, from day one, as it were, or?</p></sp>
<lb n=" 9" TEIform="lb"/><sp who="julius" TEIform="sp"><speaker TEIform="speaker">MR JULIUS:</speaker><p TEIform="p">No, my Lord.  What happened was this.  During the
<lb n="10" TEIform="lb"/>course of preparing the case for the trial, a huge amount
<lb n="11" TEIform="lb"/>of material, as your Lordship can imagine, was being
<lb n="12" TEIform="lb"/>generated.  It was being generated within the firm, it was
<lb n="13" TEIform="lb"/>also coming in from third parties.  Lists were being drawn
<lb n="14" TEIform="lb"/>up on a periodic basis to send the material over to
<lb n="15" TEIform="lb"/>Claimant.  This came in, I understand, after the last list
<lb n="16" TEIform="lb"/>was produced and at the time the view that was taken of it
<lb n="17" TEIform="lb"/>was that it was material generated for the purposes of
<lb n="18" TEIform="lb"/>litigation and, therefore, on the face of it, privileged.</p></sp>
<lb n="19" TEIform="lb"/><sp who="mrjg" TEIform="sp"><speaker TEIform="speaker">MR JUSTICE GRAY:</speaker><p TEIform="p">Privileged?  How could it possibly be
<lb n="20" TEIform="lb"/>privileged?</p></sp>
<lb n="21" TEIform="lb"/><sp who="julius" TEIform="sp"><speaker TEIform="speaker">MR JULIUS:</speaker><p TEIform="p">Well, this was the preliminary view that was
<lb n="22" TEIform="lb"/>taken.  In the event, it is not privileged.  In so far as
<lb n="23" TEIform="lb"/>privilege was ever claimed for it, the privilege was
<lb n="24" TEIform="lb"/>waived.  It is plainly a video that is important to the
<lb n="25" TEIform="lb"/>case, relevant to the issues and disclosable to the
<lb n="26" TEIform="lb"/>Claimant.   It was disclosed to him and he has had it for

<pb n=".  P-17" TEIform="pb"/>




<lb n=" 1" TEIform="lb"/>a year now.  He was keen to have it, and it is slightly
<lb n=" 2" TEIform="lb"/>odd that he should now be keen to exclude it.</p></sp>
<lb n=" 3" TEIform="lb"/><sp who="mrjg" TEIform="sp"><speaker TEIform="speaker">MR JUSTICE GRAY:</speaker><p TEIform="p">Can I just ask one more question?  For how
<lb n=" 4" TEIform="lb"/>long was the claim for privilege maintained, as it were?</p></sp>
<lb n=" 5" TEIform="lb"/><sp who="julius" TEIform="sp"><speaker TEIform="speaker">MR JULIUS:</speaker><p TEIform="p">I think two days, my Lord.</p></sp>
<lb n=" 6" TEIform="lb"/><sp who="mrjg" TEIform="sp"><speaker TEIform="speaker">MR JUSTICE GRAY:</speaker><p TEIform="p">Right.  Well, as is obvious from what I have
<lb n=" 7" TEIform="lb"/>already said, I am satisfied that it is admissible, this
<lb n=" 8" TEIform="lb"/>tape, but I leave it open to both parties to make whatever
<lb n=" 9" TEIform="lb"/>comments they think it necessary or appropriate to make
<lb n="10" TEIform="lb"/>about the use that has been made of it in the short period
<lb n="11" TEIform="lb"/>when it was not disclosed on the basis it was privileged,
<lb n="12" TEIform="lb"/>and so on.  Mr Irving, is that reasonably clear?</p></sp>
<lb n="13" TEIform="lb"/><sp who="djci" TEIform="sp"><speaker TEIform="speaker">MR IRVING:</speaker><p TEIform="p">Very clear indeed, my Lord, yes.</p></sp>
<lb n="14" TEIform="lb"/><sp who="mrjg" TEIform="sp"><speaker TEIform="speaker">MR JUSTICE GRAY:</speaker><p TEIform="p">What does that leave?  You have some comments
<lb n="15" TEIform="lb"/>to make about the opening, the list of issues?</p></sp>
<lb n="16" TEIform="lb"/><sp who="djci" TEIform="sp"><speaker TEIform="speaker">MR IRVING:</speaker><p TEIform="p">I think both Mr Rampton and I have a few,
<lb n="17" TEIform="lb"/>I certainly have very few comments to make on your
<lb n="18" TEIform="lb"/>Lordship's list.  I am going to use the list as a North
<lb n="19" TEIform="lb"/>Star by which I shall steer in my closing statement.</p></sp>
<lb n="20" TEIform="lb"/><sp who="mrjg" TEIform="sp"><speaker TEIform="speaker">MR JUSTICE GRAY:</speaker><p TEIform="p">That is really what it was intended to do.</p></sp>
<lb n="21" TEIform="lb"/><sp who="djci" TEIform="sp"><speaker TEIform="speaker">MR IRVING:</speaker><p TEIform="p">Because, obviously, the onus is on the Defence to
<lb n="22" TEIform="lb"/>justify ----</p></sp>
<lb n="23" TEIform="lb"/><sp who="mrjg" TEIform="sp"><speaker TEIform="speaker">MR JUSTICE GRAY:</speaker><p TEIform="p">Of course.</p></sp>
<lb n="24" TEIform="lb"/><sp who="djci" TEIform="sp"><speaker TEIform="speaker">MR IRVING:</speaker><p TEIform="p">--- and they have to justify seriatim, whereas I
<lb n="25" TEIform="lb"/>shall reserve to myself the right to pick out major points
<lb n="26" TEIform="lb"/>which I consider would justify my conduct.</p></sp>

<pb n=".  P-18" TEIform="pb"/>


<lb n=" 1" TEIform="lb"/><sp who="mrjg" TEIform="sp"><speaker TEIform="speaker">MR JUSTICE GRAY:</speaker><p TEIform="p">Yes.  One thing that I think is perhaps
<lb n=" 2" TEIform="lb"/>missing from this, and it is not missing because I did not
<lb n=" 3" TEIform="lb"/>have it in mind, it is just that it did not strike me as
<lb n=" 4" TEIform="lb"/>perhaps worth including a separate little heading for, but
<lb n=" 5" TEIform="lb"/>I mention it because you will want to place reliance on
<lb n=" 6" TEIform="lb"/>it, I have no doubt.</p></sp>
<lb n=" 7" TEIform="lb"/><sp who="djci" TEIform="sp"><speaker TEIform="speaker">MR IRVING:</speaker><p TEIform="p">I am sure.</p></sp>
<lb n=" 8" TEIform="lb"/><sp who="mrjg" TEIform="sp"><speaker TEIform="speaker">MR JUSTICE GRAY:</speaker><p TEIform="p">That there are many assertions in ----</p></sp>
<lb n=" 9" TEIform="lb"/><sp who="djci" TEIform="sp"><speaker TEIform="speaker">MR IRVING:</speaker><p TEIform="p">Section 5.</p></sp>
<lb n="10" TEIform="lb"/><sp who="mrjg" TEIform="sp"><speaker TEIform="speaker">MR JUSTICE GRAY:</speaker><p TEIform="p">--- Professor Lipstadt's book which have not
<lb n="11" TEIform="lb"/>sought to be substantiated.</p></sp>
<lb n="12" TEIform="lb"/><sp who="djci" TEIform="sp"><speaker TEIform="speaker">MR IRVING:</speaker><p TEIform="p">Section 5, my Lord, yes, the Hisbollah and
<lb n="13" TEIform="lb"/>Hammas  ----</p></sp>
<lb n="14" TEIform="lb"/><sp who="mrjg" TEIform="sp"><speaker TEIform="speaker">MR JUSTICE GRAY:</speaker><p TEIform="p">You say section 5.  That is perhaps a
<lb n="15" TEIform="lb"/>slightly defensive way of looking at it, but that is
<lb n="16" TEIform="lb"/>something that also needs to be addressed as a topic.</p></sp>
<lb n="17" TEIform="lb"/><sp who="djci" TEIform="sp"><speaker TEIform="speaker">MR IRVING:</speaker><p TEIform="p">That was precisely the one point I was about to
<lb n="18" TEIform="lb"/>make, my Lord, that I was unaware whether this was a
<lb n="19" TEIform="lb"/>deliberate omission that you thought was unnecessary even
<lb n="20" TEIform="lb"/>to tell me that because ----</p></sp>
<lb n="21" TEIform="lb"/><sp who="mrjg" TEIform="sp"><speaker TEIform="speaker">MR JUSTICE GRAY:</speaker><p TEIform="p">No, I think the reason for it, if there needs
<lb n="22" TEIform="lb"/>to be a reason, is that I was focusing entirely on the way
<lb n="23" TEIform="lb"/>the plea of justification is put.  That does not, of
<lb n="24" TEIform="lb"/>course, mean that I do not have to have in mind what was
<lb n="25" TEIform="lb"/>published and what has not been sought to be justified.</p></sp>
<lb n="26" TEIform="lb"/><sp who="djci" TEIform="sp"><speaker TEIform="speaker">MR IRVING:</speaker><p TEIform="p">That was, in fact, the only detailed point that

<pb n=".  P-19" TEIform="pb"/>




<lb n=" 1" TEIform="lb"/>I wished to make about it, my Lord.</p></sp>
<lb n=" 2" TEIform="lb"/><sp who="mrjg" TEIform="sp"><speaker TEIform="speaker">MR JUSTICE GRAY:</speaker><p TEIform="p">I have one other observation which is
<lb n=" 3" TEIform="lb"/>probably sensible I should make whilst you are on your
<lb n=" 4" TEIform="lb"/>feet, and it relates to the, and it is my word, well,
<lb n=" 5" TEIform="lb"/>I think it is the Defendants' word but I picked it up in
<lb n=" 6" TEIform="lb"/>(ix) -- I do not know why it has become "P" but anyway --
<lb n=" 7" TEIform="lb"/>the Claimant's honesty as an historian.  I think that is a
<lb n=" 8" TEIform="lb"/>slightly unsatisfactory gloss to put on what I understand
<lb n=" 9" TEIform="lb"/>the Defendants' case to be, and I did not want you to be
<lb n="10" TEIform="lb"/>misled by the fact that I have used that label.  It seems
<lb n="11" TEIform="lb"/>to me that it begs too many questions to be helpful.  The
<lb n="12" TEIform="lb"/>allegation sought to be justified, and the meaning which
<lb n="13" TEIform="lb"/>it is accepted, I think, was borne by the words that
<lb n="14" TEIform="lb"/>Professor Lipstadt used, was that you were deliberating
<lb n="15" TEIform="lb"/>distorting the data, etc., etc., etc. ----</p></sp>
<lb n="16" TEIform="lb"/><sp who="djci" TEIform="sp"><speaker TEIform="speaker">MR IRVING:</speaker><p TEIform="p">Precisely.</p></sp>
<lb n="17" TEIform="lb"/><sp who="mrjg" TEIform="sp"><speaker TEIform="speaker">MR JUSTICE GRAY:</speaker><p TEIform="p">--- because you have an agenda of your own.
<lb n="18" TEIform="lb"/>Well, I can see that that might in some ways be described
<lb n="19" TEIform="lb"/>as dishonest conduct on the part of an historian, but
<lb n="20" TEIform="lb"/>I just thought I ought to make clear that I am not very
<lb n="21" TEIform="lb"/>happy with that word "honesty" used without a clear
<lb n="22" TEIform="lb"/>explanation of what in the context of this case it
<lb n="23" TEIform="lb"/>actually means.</p></sp>
<lb n="24" TEIform="lb"/><sp who="djci" TEIform="sp"><speaker TEIform="speaker">MR IRVING:</speaker><p TEIform="p">My Lord, I had clearly apprehend exactly what your
<lb n="25" TEIform="lb"/>Lordship intends with that word.  It is a manipulation,
<lb n="26" TEIform="lb"/>deliberate false translation and distortion.</p></sp>

<pb n=".  P-20" TEIform="pb"/>


<lb n=" 1" TEIform="lb"/><sp who="mrjg" TEIform="sp"><speaker TEIform="speaker">MR JUSTICE GRAY:</speaker><p TEIform="p">I think I will avoid it because I think it
<lb n=" 2" TEIform="lb"/>begs too many questions, as I say.  So that is all you
<lb n=" 3" TEIform="lb"/>have, is it, on the ----</p></sp>
<lb n=" 4" TEIform="lb"/><sp who="djci" TEIform="sp"><speaker TEIform="speaker">MR IRVING:</speaker><p TEIform="p">No, my Lord, but I do know that Mr Rampton has a
<lb n=" 5" TEIform="lb"/>number of points that he wishes to make.</p></sp>
<lb n=" 6" TEIform="lb"/><sp who="mrjg" TEIform="sp"><speaker TEIform="speaker">MR JUSTICE GRAY:</speaker><p TEIform="p">Yes, I know he does and he has very
<lb n=" 7" TEIform="lb"/>helpfully, as you know, made some amendments to my list.</p></sp>
<lb n=" 8" TEIform="lb"/><sp who="djci" TEIform="sp"><speaker TEIform="speaker">MR IRVING:</speaker><p TEIform="p">Which I wholeheartedly endorse.</p></sp>
<lb n=" 9" TEIform="lb"/><sp who="mrjg" TEIform="sp"><speaker TEIform="speaker">MR JUSTICE GRAY:</speaker><p TEIform="p">On the whole, I think I do too.</p></sp>
<lb n="10" TEIform="lb"/><sp who="rrqc" TEIform="sp"><speaker TEIform="speaker">MR RAMPTON:</speaker><p TEIform="p">I am grateful for that.  If your Lordship wanted a
<lb n="11" TEIform="lb"/>one word substitution for "honesty", it might be
<lb n="12" TEIform="lb"/>"integrity", "integrity as an historian".  No, I prefer a
<lb n="13" TEIform="lb"/>longer version.</p></sp>
<lb n="14" TEIform="lb"/><sp who="mrjg" TEIform="sp"><speaker TEIform="speaker">MR JUSTICE GRAY:</speaker><p TEIform="p">I think it is better and I am not saying this
<lb n="15" TEIform="lb"/>tendentiously in either way.</p></sp>
<lb n="16" TEIform="lb"/><sp who="rrqc" TEIform="sp"><speaker TEIform="speaker">MR RAMPTON:</speaker><p TEIform="p">No, I realise that.  It was perhaps too narrow as
<lb n="17" TEIform="lb"/>it stood and perhaps "integrity" as well is too narrow for
<lb n="18" TEIform="lb"/>what we are talking about or we think we are talking
<lb n="19" TEIform="lb"/>about, but we know what comes in under this heading which
<lb n="20" TEIform="lb"/>already will have been dealt with as we have been through
<lb n="21" TEIform="lb"/>the historical distortions, if I can call them that.</p>
<lb n="22" TEIform="lb"/><p TEIform="p">My Lord, there is one typographical error in
<lb n="23" TEIform="lb"/>5.1(e) in the bit which we added, "Hitler's views on the
<lb n="24" TEIform="lb"/>Jewish question during the war, including Goebbels'
<lb n="25" TEIform="lb"/>diaries entries", it should be the 22nd not the ----</p></sp>
<lb n="26" TEIform="lb"/><sp who="mrjg" TEIform="sp"><speaker TEIform="speaker">MR JUSTICE GRAY:</speaker><p TEIform="p">I have the 21st actually.  I have just

<pb n=".  P-21" TEIform="pb"/>




<lb n=" 1" TEIform="lb"/>spotted that that was not right.  I suspect the reason is
<lb n=" 2" TEIform="lb"/>it is a diary entry for the following day, I do not know.</p></sp>
<lb n=" 3" TEIform="lb"/><sp who="rrqc" TEIform="sp"><speaker TEIform="speaker">MR RAMPTON:</speaker><p TEIform="p">That is right.  Something went wrong there.  Yes,
<lb n=" 4" TEIform="lb"/>and I do have the German of that which goes in bundle N at
<lb n=" 5" TEIform="lb"/>pages 127 and 127B.  The English is already there, thanks
<lb n=" 6" TEIform="lb"/>to Professor Evans.  But the German somehow got missed
<lb n=" 7" TEIform="lb"/>out.  The relevant passage ----</p></sp>
<lb n=" 8" TEIform="lb"/><sp who="mrjg" TEIform="sp"><speaker TEIform="speaker">MR JUSTICE GRAY:</speaker><p TEIform="p">This is N?</p></sp>
<lb n=" 9" TEIform="lb"/><sp who="rrqc" TEIform="sp"><speaker TEIform="speaker">MR RAMPTON:</speaker><p TEIform="p">Yes, that is N, N1.  I do not think N has any
<lb n="10" TEIform="lb"/>children yet, has it?</p></sp>
<lb n="11" TEIform="lb"/><sp who="mrjg" TEIform="sp"><speaker TEIform="speaker">MR JUSTICE GRAY:</speaker><p TEIform="p">Yes, it has.  E is the most difficult one
<lb n="12" TEIform="lb"/>because ----</p></sp>
<lb n="13" TEIform="lb"/><sp who="djci" TEIform="sp"><speaker TEIform="speaker">MR IRVING:</speaker><p TEIform="p">It is very exclusive, is it not?  It excludes a lot
<lb n="14" TEIform="lb"/>of the entries that I would have relied upon.</p></sp>
<lb n="15" TEIform="lb"/><sp who="mrjg" TEIform="sp"><speaker TEIform="speaker">MR JUSTICE GRAY:</speaker><p TEIform="p">Well, yes, it is exclusive and at the same
<lb n="16" TEIform="lb"/>time it is inclusive.  I had not realized it is spread as
<lb n="17" TEIform="lb"/>wide as this, at any rate in the context of the
<lb n="18" TEIform="lb"/>historiographical criticisms.</p></sp>
<lb n="19" TEIform="lb"/><sp who="rrqc" TEIform="sp"><speaker TEIform="speaker">MR RAMPTON:</speaker><p TEIform="p">It does, and there are very, very grave criticisms
<lb n="20" TEIform="lb"/>to be made of Mr Irving in relation to each of those items
<lb n="21" TEIform="lb"/>in the bracket, and they all relate to the way in which,
<lb n="22" TEIform="lb"/>according to our case, he has tried to suppress, mollify
<lb n="23" TEIform="lb"/>or distort Hitler's expressions of his anti-Semitism
<lb n="24" TEIform="lb"/>during the war, particularly during the later part of 1941
<lb n="25" TEIform="lb"/>and the early part of 1942.</p></sp>
<lb n="26" TEIform="lb"/><sp who="mrjg" TEIform="sp"><speaker TEIform="speaker">MR JUSTICE GRAY:</speaker><p TEIform="p">Yes, I can see how they come in now.</p></sp>

<pb n=".  P-22" TEIform="pb"/>


<lb n=" 1" TEIform="lb"/><sp who="rrqc" TEIform="sp"><speaker TEIform="speaker">MR RAMPTON:</speaker><p TEIform="p">Those are inclusive rather than exhaustive.</p></sp>
<lb n=" 2" TEIform="lb"/><sp who="mrjg" TEIform="sp"><speaker TEIform="speaker">MR JUSTICE GRAY:</speaker><p TEIform="p">Yes.  I mean the problem I have with them is
<lb n=" 3" TEIform="lb"/>that they come in elsewhere too.</p></sp>
<lb n=" 4" TEIform="lb"/><sp who="rrqc" TEIform="sp"><speaker TEIform="speaker">MR RAMPTON:</speaker><p TEIform="p">I know they do.  There is bound to be some
<lb n=" 5" TEIform="lb"/>repetition.  That is inevitable.</p></sp>
<lb n=" 6" TEIform="lb"/><sp who="mrjg" TEIform="sp"><speaker TEIform="speaker">MR JUSTICE GRAY:</speaker><p TEIform="p">I know.  Can I ask you what the significance
<lb n=" 7" TEIform="lb"/>is, I think I do understand, of adding decrypts to
<lb n=" 8" TEIform="lb"/>whatever it is, 3B?</p></sp>
<lb n=" 9" TEIform="lb"/><sp who="rrqc" TEIform="sp"><speaker TEIform="speaker">MR RAMPTON:</speaker><p TEIform="p">Yes, that is simply because Mr Irving relies on
<lb n="10" TEIform="lb"/>two pieces of evidence, if I can call it that, for the
<lb n="11" TEIform="lb"/>suggestion that the number killed or died at Auschwitz was
<lb n="12" TEIform="lb"/>really quite low.  One is the death books which were
<lb n="13" TEIform="lb"/>released by Moscow sometime in recent years, and the other
<lb n="14" TEIform="lb"/>thing is the Hinsley decrypts do not make any reference
<lb n="15" TEIform="lb"/>gassings at Birkenhau.</p></sp>
<lb n="16" TEIform="lb"/><sp who="mrjg" TEIform="sp"><speaker TEIform="speaker">MR JUSTICE GRAY:</speaker><p TEIform="p">Yes.</p></sp>
<lb n="17" TEIform="lb"/><sp who="rrqc" TEIform="sp"><speaker TEIform="speaker">MR RAMPTON:</speaker><p TEIform="p">So they really go together, and our explanation
<lb n="18" TEIform="lb"/>for that is that really they are the same in both cases or
<lb n="19" TEIform="lb"/>similar anyway.</p></sp>
<lb n="20" TEIform="lb"/><sp who="mrjg" TEIform="sp"><speaker TEIform="speaker">MR JUSTICE GRAY:</speaker><p TEIform="p">Yes.  As I say, I am inclined to add, if we
<lb n="21" TEIform="lb"/>are making this as complete as it is becoming, two further
<lb n="22" TEIform="lb"/>topics at the end, which is the conclusion as to
<lb n="23" TEIform="lb"/>substantial truth and the availability, if required, of
<lb n="24" TEIform="lb"/>section 5, and then lastly damages, if any, injunction.
<lb n="25" TEIform="lb"/>If any.</p></sp>
<lb n="26" TEIform="lb"/><sp who="rrqc" TEIform="sp"><speaker TEIform="speaker">MR RAMPTON:</speaker><p TEIform="p">Would your Lordship be wanting then to transfer

<pb n=".  P-23" TEIform="pb"/>




<lb n=" 1" TEIform="lb"/>some particularity out of 4 on the first page?</p></sp>
<lb n=" 2" TEIform="lb"/><sp who="mrjg" TEIform="sp"><speaker TEIform="speaker">MR JUSTICE GRAY:</speaker><p TEIform="p">No, because that is conclusions as to the law
<lb n=" 3" TEIform="lb"/>that applies, is it not, rather than conclusions?</p></sp>
<lb n=" 4" TEIform="lb"/><sp who="rrqc" TEIform="sp"><speaker TEIform="speaker">MR RAMPTON:</speaker><p TEIform="p">So 11 would be facts arising out of 4, would it
<lb n=" 5" TEIform="lb"/>not, or something like that?</p></sp>
<lb n=" 6" TEIform="lb"/><sp who="mrjg" TEIform="sp"><speaker TEIform="speaker">MR JUSTICE GRAY:</speaker><p TEIform="p">Yes.</p></sp>
<lb n=" 7" TEIform="lb"/><sp who="rrqc" TEIform="sp"><speaker TEIform="speaker">MR RAMPTON:</speaker><p TEIform="p">The facts governed by the principles in 4?</p></sp>
<lb n=" 8" TEIform="lb"/><sp who="mrjg" TEIform="sp"><speaker TEIform="speaker">MR JUSTICE GRAY:</speaker><p TEIform="p">Yes.  Good.  If in the course of preparing
<lb n=" 9" TEIform="lb"/>final speeches either of you come across topics that
<lb n="10" TEIform="lb"/>should be there but still are not, perhaps you could let
<lb n="11" TEIform="lb"/>me know by fax?</p></sp>
<lb n="12" TEIform="lb"/><sp who="rrqc" TEIform="sp"><speaker TEIform="speaker">MR RAMPTON:</speaker><p TEIform="p">We certainly will.  That brings me to what to us
<lb n="13" TEIform="lb"/>is a matter of, to say some concern sounds over-dramatic,
<lb n="14" TEIform="lb"/>but it is this.  I do not want and do not propose to ask
<lb n="15" TEIform="lb"/>your Lordship for permission to stand here for three days
<lb n="16" TEIform="lb"/>speaking.  That would not be interesting for anybody and
<lb n="17" TEIform="lb"/>it would not be a good use of the court's time.  However,
<lb n="18" TEIform="lb"/>this is a case of some peculiar importance, we would
<lb n="19" TEIform="lb"/>submit, and it has a legitimate interest for the public
<lb n="20" TEIform="lb"/>which runs far beyond the particular interests of the
<lb n="21" TEIform="lb"/>parties, and I do concede that it is the sort of case in
<lb n="22" TEIform="lb"/>which it would be appropriate, with your Lordship's
<lb n="23" TEIform="lb"/>permission, for both sides to be allowed to make a
<lb n="24" TEIform="lb"/>somewhat longer, but still not very long, longer closing
<lb n="25" TEIform="lb"/>statement than they made in opening.  In my case, it would
<lb n="26" TEIform="lb"/>not necessarily follow the same structure as this, the

<pb n=".  P-24" TEIform="pb"/>




<lb n=" 1" TEIform="lb"/>long version, but it would certainly reflect the material
<lb n=" 2" TEIform="lb"/>within it.</p>
<lb n=" 3" TEIform="lb"/><p TEIform="p">There are two next questions.  First, when does
<lb n=" 4" TEIform="lb"/>your Lordship believe that that should happen, because
<lb n=" 5" TEIform="lb"/>again the public needs to know when it is going to
<lb n=" 6" TEIform="lb"/>happen?  As a corollary of that, whether there is any
<lb n=" 7" TEIform="lb"/>possibility of accommodating rather more people in this
<lb n=" 8" TEIform="lb"/>court than are presently able to get in?</p></sp>
<lb n=" 9" TEIform="lb"/><sp who="mrjg" TEIform="sp"><speaker TEIform="speaker">MR JUSTICE GRAY:</speaker><p TEIform="p">Taking all that in reverse order, and subject
<lb n="10" TEIform="lb"/>to Mr Irving and then you can comment if you wish, I see
<lb n="11" TEIform="lb"/>your point about letting more people in.  This court I
<lb n="12" TEIform="lb"/>think in the end probably accommodates as many members of
<lb n="13" TEIform="lb"/>the public as any court does, but it is never enough in a
<lb n="14" TEIform="lb"/>case of this kind.  But, yes, I think, subject to
<lb n="15" TEIform="lb"/>agreement with all those concerned, particularly the Usher
<lb n="16" TEIform="lb"/>who has done a rather excellent job of keeping things
<lb n="17" TEIform="lb"/>under control ----</p></sp>
<lb n="18" TEIform="lb"/><sp who="rrqc" TEIform="sp"><speaker TEIform="speaker">MR RAMPTON:</speaker><p TEIform="p">Mr Irving has been sycophantic towards my
<lb n="19" TEIform="lb"/>solicitors, for which I genuinely and sincerely thank
<lb n="20" TEIform="lb"/>him, I do wish to say what a fantastic job the Usher has
<lb n="21" TEIform="lb"/>done.</p></sp>
<lb n="22" TEIform="lb"/><sp who="mrjg" TEIform="sp"><speaker TEIform="speaker">MR JUSTICE GRAY:</speaker><p TEIform="p">I think she has done a jolly good job because
<lb n="23" TEIform="lb"/>it is not all that easy.  But, yes, within reason I think
<lb n="24" TEIform="lb"/>we will try to accommodate that.  I am just wondering
<lb n="25" TEIform="lb"/>about the desirability of you and, if Mr Irving wishes to,
<lb n="26" TEIform="lb"/>Mr Irving, making what you might call the sort of public

<pb n=".  P-25" TEIform="pb"/>




<lb n=" 1" TEIform="lb"/>comments that you wish to make, as it were, before we get
<lb n=" 2" TEIform="lb"/>on to the nitty-gritty of the closing speeches.</p></sp>
<lb n=" 3" TEIform="lb"/><sp who="rrqc" TEIform="sp"><speaker TEIform="speaker">MR RAMPTON:</speaker><p TEIform="p">Your Lordship may well have rather, if I may say
<lb n=" 4" TEIform="lb"/>so without impertinence, a good point, because it does
<lb n=" 5" TEIform="lb"/>seem to me that when your Lordship has had a chance to
<lb n=" 6" TEIform="lb"/>look at the nitty-gritty, I am going to write the
<lb n=" 7" TEIform="lb"/>nitty-gritty first, and then what one might call the
<lb n=" 8" TEIform="lb"/>summary.  I would suggest that it may be advantageous if
<lb n=" 9" TEIform="lb"/>your Lordship's mental process is the same, because when
<lb n="10" TEIform="lb"/>you have read the nitty-gritty, then you look at the
<lb n="11" TEIform="lb"/>summary and you say, oh, he cannot say that, it is not in
<lb n="12" TEIform="lb"/>the evidence or it is an exaggeration or whatever.  One
<lb n="13" TEIform="lb"/>could get the long version to your Lordship, we will try
<lb n="14" TEIform="lb"/>to do it by Friday, but at any rate by Monday morning,
<lb n="15" TEIform="lb"/>take a day, because it will not take long to read as your
<lb n="16" TEIform="lb"/>Lordship is so familiar with the material, I can
<lb n="17" TEIform="lb"/>practically do it from memory now, and then look at the
<lb n="18" TEIform="lb"/>summary and then maybe read the summary on Tuesday, 14th.</p></sp>
<lb n="19" TEIform="lb"/><sp who="mrjg" TEIform="sp"><speaker TEIform="speaker">MR JUSTICE GRAY:</speaker><p TEIform="p">Yes, at all events whenever it happens, and
<lb n="20" TEIform="lb"/>it does not really matter whether it happens before or
<lb n="21" TEIform="lb"/>after the detailed submissions, my idea is that we might
<lb n="22" TEIform="lb"/>have the two final public speeches, if you follow what
<lb n="23" TEIform="lb"/>I mean, along side one another.</p></sp>
<lb n="24" TEIform="lb"/><sp who="rrqc" TEIform="sp"><speaker TEIform="speaker">MR RAMPTON:</speaker><p TEIform="p">Absolutely, on the same day.</p></sp>
<lb n="25" TEIform="lb"/><sp who="mrjg" TEIform="sp"><speaker TEIform="speaker">MR JUSTICE GRAY:</speaker><p TEIform="p">And probably on Tuesday.</p></sp>
<lb n="26" TEIform="lb"/><sp who="djci" TEIform="sp"><speaker TEIform="speaker">MR IRVING:</speaker><p TEIform="p">Not along side each other.</p></sp>

<pb n=".  P-26" TEIform="pb"/>


<lb n=" 1" TEIform="lb"/><sp who="mrjg" TEIform="sp"><speaker TEIform="speaker">MR JUSTICE GRAY:</speaker><p TEIform="p">Not simultaneously.</p></sp>
<lb n=" 2" TEIform="lb"/><sp who="rrqc" TEIform="sp"><speaker TEIform="speaker">MR RAMPTON:</speaker><p TEIform="p">I do not think that would be music to anybody's
<lb n=" 3" TEIform="lb"/>ears I have to say, but certainly on the same day.  It
<lb n=" 4" TEIform="lb"/>would have to be, I say "have to be", that is excessive,
<lb n=" 5" TEIform="lb"/>but it would be desirable to have a fixed day because
<lb n=" 6" TEIform="lb"/>there will be people coming from all over the world to
<lb n=" 7" TEIform="lb"/>attend to attend.</p></sp>
<lb n=" 8" TEIform="lb"/><sp who="mrjg" TEIform="sp"><speaker TEIform="speaker">MR JUSTICE GRAY:</speaker><p TEIform="p">Shall we say Wednesday, because I suspect
<lb n=" 9" TEIform="lb"/>that will get us most of the way through the detailed
<lb n="10" TEIform="lb"/>submissions.</p></sp>
<lb n="11" TEIform="lb"/><sp who="djci" TEIform="sp"><speaker TEIform="speaker">MR IRVING:</speaker><p TEIform="p">My Lord, your Lordship expressed the desire I think
<lb n="12" TEIform="lb"/>to have the opportunity to ask questions on the basis ----</p></sp>
<lb n="13" TEIform="lb"/><sp who="mrjg" TEIform="sp"><speaker TEIform="speaker">MR JUSTICE GRAY:</speaker><p TEIform="p">Yes.</p></sp>
<lb n="14" TEIform="lb"/><sp who="rrqc" TEIform="sp"><speaker TEIform="speaker">MR RAMPTON:</speaker><p TEIform="p">Yes, absolutely.</p></sp>
<lb n="15" TEIform="lb"/><sp who="djci" TEIform="sp"><speaker TEIform="speaker">MR IRVING:</speaker><p TEIform="p">When do you wish to do this, after the verbal
<lb n="16" TEIform="lb"/>part?</p></sp>
<lb n="17" TEIform="lb"/><sp who="mrjg" TEIform="sp"><speaker TEIform="speaker">MR JUSTICE GRAY:</speaker><p TEIform="p">No, what I am getting at is if we have two
<lb n="18" TEIform="lb"/>full days, Monday 13th and Tuesday 14th, I think we will
<lb n="19" TEIform="lb"/>be most of the way through closing speeches, I suspect, if
<lb n="20" TEIform="lb"/>you let me do a bit of reading beforehand.  Then on
<lb n="21" TEIform="lb"/>Wednesday, there may be a little left over, but Wednesday
<lb n="22" TEIform="lb"/>would be a good opportunity I think to make these
<lb n="23" TEIform="lb"/>statements for public consumption, which in the context of
<lb n="24" TEIform="lb"/>this case is legitimate.  I think in other cases it might
<lb n="25" TEIform="lb"/>not be.</p></sp>
<lb n="26" TEIform="lb"/><sp who="djci" TEIform="sp"><speaker TEIform="speaker">MR IRVING:</speaker><p TEIform="p">So, if I understood it correctly because there was

<pb n=".  P-27" TEIform="pb"/>




<lb n=" 1" TEIform="lb"/>some confusion on Thursday evening, by the weekend I and
<lb n=" 2" TEIform="lb"/>Mr Rampton would have submitted to your Lordship a paper
<lb n=" 3" TEIform="lb"/>version of what we intend to say?</p></sp>
<lb n=" 4" TEIform="lb"/><sp who="mrjg" TEIform="sp"><speaker TEIform="speaker">MR JUSTICE GRAY:</speaker><p TEIform="p">If you can do that it would be helpful, that
<lb n=" 5" TEIform="lb"/>I think is what I said on Thursday.</p></sp>
<lb n=" 6" TEIform="lb"/><sp who="djci" TEIform="sp"><speaker TEIform="speaker">MR IRVING:</speaker><p TEIform="p">On the basis of which on Monday and Tuesday you
<lb n=" 7" TEIform="lb"/>will ask us questions, and on Wednesday we read out either
<lb n=" 8" TEIform="lb"/>in Mr Rampton's case his summary or in my case whatever
<lb n=" 9" TEIform="lb"/>I consider necessary of my speech in public.</p></sp>
<lb n="10" TEIform="lb"/><sp who="mrjg" TEIform="sp"><speaker TEIform="speaker">MR JUSTICE GRAY:</speaker><p TEIform="p">Yes.  When you say I will ask questions, do
<lb n="11" TEIform="lb"/>not put the ball wholly in my court.  I am hoping you will
<lb n="12" TEIform="lb"/>submit something in writing, but will also make the points
<lb n="13" TEIform="lb"/>that you regard as most significant and then I can pick
<lb n="14" TEIform="lb"/>you up on them if needs be.</p></sp>
<lb n="15" TEIform="lb"/><sp who="djci" TEIform="sp"><speaker TEIform="speaker">MR IRVING:</speaker><p TEIform="p">My Lord, I am making further submissions, as your
<lb n="16" TEIform="lb"/>Lordship is aware, of which of course the Defence have not
<lb n="17" TEIform="lb"/>had a chance to answer, and it is only fair they should
<lb n="18" TEIform="lb"/>have a chance to answer and say, "This be struck out, that
<lb n="19" TEIform="lb"/>is not admissible, yes, this one is very powerful indeed".</p></sp>
<lb n="20" TEIform="lb"/><sp who="rrqc" TEIform="sp"><speaker TEIform="speaker">MR RAMPTON:</speaker><p TEIform="p">I would propose this, that we, with Mr Irving, it
<lb n="21" TEIform="lb"/>does not need to involve the court, we make a date and a
<lb n="22" TEIform="lb"/>time for exchange of the long versions, and also the
<lb n="23" TEIform="lb"/>summaries if they are ready by then, then we see whether
<lb n="24" TEIform="lb"/>there is any water between us, and it may well be that
<lb n="25" TEIform="lb"/>there is, either side may be something the other side does
<lb n="26" TEIform="lb"/>not think they ought to be allowed to say, and your

<pb n=".  P-28" TEIform="pb"/>




<lb n=" 1" TEIform="lb"/>Lordship may also have some queries or questions of your
<lb n=" 2" TEIform="lb"/>own.</p></sp>
<lb n=" 3" TEIform="lb"/><sp who="mrjg" TEIform="sp"><speaker TEIform="speaker">MR JUSTICE GRAY:</speaker><p TEIform="p">Yes.  As to timing, if you could do it by
<lb n=" 4" TEIform="lb"/>close of business on Thursday, even if it is not the
<lb n=" 5" TEIform="lb"/>final -- you could not?</p></sp>
<lb n=" 6" TEIform="lb"/><sp who="djci" TEIform="sp"><speaker TEIform="speaker">MR IRVING:</speaker><p TEIform="p">No, not by Thursday.</p></sp>
<lb n=" 7" TEIform="lb"/><sp who="rrqc" TEIform="sp"><speaker TEIform="speaker">MR RAMPTON:</speaker><p TEIform="p">I could not possibly do it by then.  I will try to
<lb n=" 8" TEIform="lb"/>do by close of business on Friday.  It will not take very
<lb n=" 9" TEIform="lb"/>long to read.  One reads quite quickly when one knows a
<lb n="10" TEIform="lb"/>case well.  I am told Friday logistically is optimistic.
<lb n="11" TEIform="lb"/>We will do the best we can.  We will fix that with
<lb n="12" TEIform="lb"/>Mr Irving.</p></sp>
<lb n="13" TEIform="lb"/><sp who="mrjg" TEIform="sp"><speaker TEIform="speaker">MR JUSTICE GRAY:</speaker><p TEIform="p">I will not say anything about it, except that
<lb n="14" TEIform="lb"/>I think we ought to have speeches on Monday 13th.  I do
<lb n="15" TEIform="lb"/>not want a slip on that.</p></sp>
<lb n="16" TEIform="lb"/><sp who="rrqc" TEIform="sp"><speaker TEIform="speaker">MR RAMPTON:</speaker><p TEIform="p">A discussion about speeches?</p></sp>
<lb n="17" TEIform="lb"/><sp who="mrjg" TEIform="sp"><speaker TEIform="speaker">MR JUSTICE GRAY:</speaker><p TEIform="p">The detail of speeches will start on Monday
<lb n="18" TEIform="lb"/>13th.</p></sp>
<lb n="19" TEIform="lb"/><sp who="djci" TEIform="sp"><speaker TEIform="speaker">MR IRVING:</speaker><p TEIform="p">But they will not be public at that time?</p></sp>
<lb n="20" TEIform="lb"/><sp who="rrqc" TEIform="sp"><speaker TEIform="speaker">MR RAMPTON:</speaker><p TEIform="p">The public can be in court during the discussion.</p></sp>
<lb n="21" TEIform="lb"/><sp who="mrjg" TEIform="sp"><speaker TEIform="speaker">MR JUSTICE GRAY:</speaker><p TEIform="p">Of course they can, but there is extra
<lb n="22" TEIform="lb"/>accommodation being laid on, as it were, for Wednesday.</p></sp>
<lb n="23" TEIform="lb"/><sp who="rrqc" TEIform="sp"><speaker TEIform="speaker">MR RAMPTON:</speaker><p TEIform="p">The only other question is, and normally speaking
<lb n="24" TEIform="lb"/>in a case like this when one has written a long speech
<lb n="25" TEIform="lb"/>which the Judge has read, even if one is not going to read
<lb n="26" TEIform="lb"/>it in court, it will of course be accessible to anybody

<pb n=".  P-29" TEIform="pb"/>




<lb n=" 1" TEIform="lb"/>who wants a copy of it, whether they pay for it or whether
<lb n=" 2" TEIform="lb"/>they do not, and there ought to be perhaps an embargo on
<lb n=" 3" TEIform="lb"/>the release of the long version until the discussion about
<lb n=" 4" TEIform="lb"/>the long version has concluded.</p></sp>
<lb n=" 5" TEIform="lb"/><sp who="mrjg" TEIform="sp"><speaker TEIform="speaker">MR JUSTICE GRAY:</speaker><p TEIform="p">Yes, without any doubt.</p></sp>
<lb n=" 6" TEIform="lb"/><sp who="rrqc" TEIform="sp"><speaker TEIform="speaker">MR RAMPTON:</speaker><p TEIform="p">That leads me to mention one other thing.  I am a
<lb n=" 7" TEIform="lb"/>bit of ahead of myself.  It is this.  When your Lordship
<lb n=" 8" TEIform="lb"/>comes to give judgment in the normal way the solicitors
<lb n=" 9" TEIform="lb"/>and counsel get a copy of the judgment a day before.
<lb n="10" TEIform="lb"/>Mr Irving does not have solicitors or counsel.  (A) it is
<lb n="11" TEIform="lb"/>not fair if we get it a day before and he does not.  (B)
<lb n="12" TEIform="lb"/>it is not fair if he gets a copy himself and my clients do
<lb n="13" TEIform="lb"/>not.</p></sp>
<lb n="14" TEIform="lb"/><sp who="mrjg" TEIform="sp"><speaker TEIform="speaker">MR JUSTICE GRAY:</speaker><p TEIform="p">Oddly enough I did not think I have ever had
<lb n="15" TEIform="lb"/>it.</p></sp>
<lb n="16" TEIform="lb"/><sp who="rrqc" TEIform="sp"><speaker TEIform="speaker">MR RAMPTON:</speaker><p TEIform="p">I have.</p></sp>
<lb n="17" TEIform="lb"/><sp who="mrjg" TEIform="sp"><speaker TEIform="speaker">MR JUSTICE GRAY:</speaker><p TEIform="p">One has had cases with litigants in person,
<lb n="18" TEIform="lb"/>but I have never had this particular problem about how you
<lb n="19" TEIform="lb"/>deal with -- my instinct would be that Mr Irving does get
<lb n="20" TEIform="lb"/>it at the same time as your legal team get it, but that he
<lb n="21" TEIform="lb"/>is, as it were, strictly embargoed as to the use that he
<lb n="22" TEIform="lb"/>can make of it.  That seem to me to be the fair-handed way
<lb n="23" TEIform="lb"/>of doing it.</p></sp>
<lb n="24" TEIform="lb"/><sp who="rrqc" TEIform="sp"><speaker TEIform="speaker">MR RAMPTON:</speaker><p TEIform="p">That is all I am concerned about.  What I do not
<lb n="25" TEIform="lb"/>want is him getting it into the public forum before we do,
<lb n="26" TEIform="lb"/>if I can put it crudely.</p></sp>

<pb n=".  P-30" TEIform="pb"/>


<lb n=" 1" TEIform="lb"/><sp who="mrjg" TEIform="sp"><speaker TEIform="speaker">MR JUSTICE GRAY:</speaker><p TEIform="p">Can I mention some things that perhaps should
<lb n=" 2" TEIform="lb"/>be done before speeches.  One is the Muller document.</p></sp>
<lb n=" 3" TEIform="lb"/><sp who="rrqc" TEIform="sp"><speaker TEIform="speaker">MR RAMPTON:</speaker><p TEIform="p">Yes, it is in hand.  It is being dealt with by
<lb n=" 4" TEIform="lb"/>Dr Longerich who is dealing directly with Munich and I
<lb n=" 5" TEIform="lb"/>think also with Ludwigsburg where it is thought there is
<lb n=" 6" TEIform="lb"/>another copy.</p></sp>
<lb n=" 7" TEIform="lb"/><sp who="mrjg" TEIform="sp"><speaker TEIform="speaker">MR JUSTICE GRAY:</speaker><p TEIform="p">Bearing in mind how quick Munich was to
<lb n=" 8" TEIform="lb"/>respond on the other document, I would be hopeful that you
<lb n=" 9" TEIform="lb"/>would be able to let me have something this week.</p></sp>
<lb n="10" TEIform="lb"/><sp who="rrqc" TEIform="sp"><speaker TEIform="speaker">MR RAMPTON:</speaker><p TEIform="p">Yes.  This is more problematical because they have
<lb n="11" TEIform="lb"/>been given the wrong file reference.</p></sp>
<lb n="12" TEIform="lb"/><sp who="mrjg" TEIform="sp"><speaker TEIform="speaker">MR JUSTICE GRAY:</speaker><p TEIform="p">I thought they had tracked down the right
<lb n="13" TEIform="lb"/>file?</p></sp>
<lb n="14" TEIform="lb"/><sp who="rrqc" TEIform="sp"><speaker TEIform="speaker">MR RAMPTON:</speaker><p TEIform="p">No, they know that it is the wrong one.  They
<lb n="15" TEIform="lb"/>think they have the document but they have got to find
<lb n="16" TEIform="lb"/>it.</p></sp>
<lb n="17" TEIform="lb"/><sp who="djci" TEIform="sp"><speaker TEIform="speaker">MR IRVING:</speaker><p TEIform="p">The problem with Munich is all that all that they
<lb n="18" TEIform="lb"/>have is a duplicated copy.</p></sp>
<lb n="19" TEIform="lb"/><sp who="mrjg" TEIform="sp"><speaker TEIform="speaker">MR JUSTICE GRAY:</speaker><p TEIform="p">I know and that is why enquiries are being
<lb n="20" TEIform="lb"/>made of other archives, as I understand it.  That is
<lb n="21" TEIform="lb"/>fine.  Mr Rampton, the other thing, and it is the only
<lb n="22" TEIform="lb"/>thing that I think I need to ask you about is, I think you
<lb n="23" TEIform="lb"/>were going to give me a little bit help on what you might
<lb n="24" TEIform="lb"/>call the American Civil Evidence Act statements.</p></sp>
<lb n="25" TEIform="lb"/><sp who="rrqc" TEIform="sp"><speaker TEIform="speaker">MR RAMPTON:</speaker><p TEIform="p">Yes.  That is in charge of Miss Rogers.  We are
<lb n="26" TEIform="lb"/>just down to the one now.  The only one of the factual

<pb n=".  P-31" TEIform="pb"/>




<lb n=" 1" TEIform="lb"/>Civil Evidence Act witnesses we want to use is Rebecca
<lb n=" 2" TEIform="lb"/>Guttmann about the National Alliance which I have already
<lb n=" 3" TEIform="lb"/>cross-examined on.  Your Lordship can have this.  It has
<lb n=" 4" TEIform="lb"/>file C, Rebecca Guttmann, and the rest can be chucked
<lb n=" 5" TEIform="lb"/>away.</p></sp>
<lb n=" 6" TEIform="lb"/><sp who="mrjg" TEIform="sp"><speaker TEIform="speaker">MR JUSTICE GRAY:</speaker><p TEIform="p">When you say the rest, can I be absolutely
<lb n=" 7" TEIform="lb"/>clear about what can be chucked away?</p></sp>
<lb n=" 8" TEIform="lb"/><sp who="rrqc" TEIform="sp"><speaker TEIform="speaker">MR RAMPTON:</speaker><p TEIform="p">Everybody else in file C.</p></sp>
<lb n=" 9" TEIform="lb"/><sp who="mrjg" TEIform="sp"><speaker TEIform="speaker">MR JUSTICE GRAY:</speaker><p TEIform="p">File C or C1?</p></sp>
<lb n="10" TEIform="lb"/><sp who="rrqc" TEIform="sp"><speaker TEIform="speaker">MR RAMPTON:</speaker><p TEIform="p">I call mine C.  It has 425 pages.</p></sp>
<lb n="11" TEIform="lb"/><sp who="mrjg" TEIform="sp"><speaker TEIform="speaker">MR JUSTICE GRAY:</speaker><p TEIform="p">Right.</p></sp>
<lb n="12" TEIform="lb"/><sp who="rrqc" TEIform="sp"><speaker TEIform="speaker">MR RAMPTON:</speaker><p TEIform="p">And it is called Defendants Witness statements
<lb n="13" TEIform="lb"/>I should think.</p></sp>
<lb n="14" TEIform="lb"/><sp who="mrjg" TEIform="sp"><speaker TEIform="speaker">MR JUSTICE GRAY:</speaker><p TEIform="p">I now seem to have back the file I swore
<lb n="15" TEIform="lb"/>blind I never had.</p></sp>
<lb n="16" TEIform="lb"/><sp who="rrqc" TEIform="sp"><speaker TEIform="speaker">MR RAMPTON:</speaker><p TEIform="p">That is the one with the National Alliance
<lb n="17" TEIform="lb"/>material behind it.</p></sp>
<lb n="18" TEIform="lb"/><sp who="djci" TEIform="sp"><speaker TEIform="speaker">MR IRVING:</speaker><p TEIform="p">When you say you are using Rebecca Guttmann's
<lb n="19" TEIform="lb"/>statement, does that mean to say you are also using all
<lb n="20" TEIform="lb"/>the appendices to it, or relying on them?</p></sp>
<lb n="21" TEIform="lb"/><sp who="rrqc" TEIform="sp"><speaker TEIform="speaker">MR RAMPTON:</speaker><p TEIform="p">Yes.</p></sp>
<lb n="22" TEIform="lb"/><sp who="mrjg" TEIform="sp"><speaker TEIform="speaker">MR JUSTICE GRAY:</speaker><p TEIform="p">That is what I was going to ask.</p></sp>
<lb n="23" TEIform="lb"/><sp who="rrqc" TEIform="sp"><speaker TEIform="speaker">MR RAMPTON:</speaker><p TEIform="p">Yes, I rely on the material that she picked up at
<lb n="24" TEIform="lb"/>a National Alliance meeting in 1998 at which Mr Irving
<lb n="25" TEIform="lb"/>gave a speech.</p></sp>
<lb n="26" TEIform="lb"/><sp who="mrjg" TEIform="sp"><speaker TEIform="speaker">MR JUSTICE GRAY:</speaker><p TEIform="p">Thank you.</p></sp>

<pb n=".  P-32" TEIform="pb"/>


<lb n=" 1" TEIform="lb"/><sp who="rrqc" TEIform="sp"><speaker TEIform="speaker">MR RAMPTON:</speaker><p TEIform="p">To put it as neutrally as possible.</p></sp>
<lb n=" 2" TEIform="lb"/><sp who="mrjg" TEIform="sp"><speaker TEIform="speaker">MR JUSTICE GRAY:</speaker><p TEIform="p">Right.  Is there anything else?</p></sp>
<lb n=" 3" TEIform="lb"/><sp who="rrqc" TEIform="sp"><speaker TEIform="speaker">MR RAMPTON:</speaker><p TEIform="p">No.</p></sp>
<lb n=" 4" TEIform="lb"/><sp who="mrjg" TEIform="sp"><speaker TEIform="speaker">MR JUSTICE GRAY:</speaker><p TEIform="p">Thank you.  I think it was necessary to have
<lb n=" 5" TEIform="lb"/>this fairly short session.</p></sp>
<lb n=" 6" TEIform="lb"/><sp who="rrqc" TEIform="sp"><speaker TEIform="speaker">MR RAMPTON:</speaker><p TEIform="p">Yes, it was.</p></sp>
<lb n=" 7" TEIform="lb"/><sp who="mrjg" TEIform="sp"><speaker TEIform="speaker">MR JUSTICE GRAY:</speaker><p TEIform="p">So 10.30 on Monday 13th.</p></sp>
<lb n=" 8" TEIform="lb"/><stage TEIform="stage">(The court adjourned until Monday, 13th March 2000).</stage>
<lb n=" 9" TEIform="lb"/>
<lb n="10" TEIform="lb"/>
<lb n="11" TEIform="lb"/>
<lb n="12" TEIform="lb"/>
<lb n="13" TEIform="lb"/>
<lb n="14" TEIform="lb"/>
<lb n="15" TEIform="lb"/>
<lb n="16" TEIform="lb"/>
<lb n="17" TEIform="lb"/>
<lb n="18" TEIform="lb"/>
<lb n="19" TEIform="lb"/>
<lb n="20" TEIform="lb"/>
<lb n="21" TEIform="lb"/>
<lb n="22" TEIform="lb"/>
<lb n="23" TEIform="lb"/>
<lb n="24" TEIform="lb"/>
<lb n="25" TEIform="lb"/>
<lb n="26" TEIform="lb"/>

<pb n=".  P-33" TEIform="pb"/>

<!--#include file="move.inc"-->

</body>
</text>

</TEI.2>