<?xml version="1.0" encoding="utf-8"?>
<TEI.2 xmlns="http://www.tei-c.org/ns/1.0">
  <teiHeader type="text" status="new" TEIform="teiHeader">
    <fileDesc TEIform="fileDesc">
      <titleStmt TEIform="titleStmt">
         <title TEIform="title">Holocaust Denial on Trial, Trial
	 Transcripts, Day 31:
	Electronic Edition</title>
         <author TEIform="author"/>
	    <sponsor TEIform="sponsor">Rabbi Donald A. Tams Institute for Jewish Studies</sponsor>
       
       </titleStmt>
       <extent TEIform="extent"/>
       <publicationStmt TEIform="publicationStmt">
	   <publisher TEIform="publisher">Lewis H. Beck Center for Electronic Collections
	   and Services, Emory University</publisher>
	   <pubPlace TEIform="pubPlace">Atlanta, GA</pubPlace>
	   <address TEIform="address">
	     <addrLine TEIform="addrLine">540 Asbury Circle</addrLine>
	     <addrLine TEIform="addrLine">Woodruff Library</addrLine>
	     <addrLine TEIform="addrLine">Atlanta, GA 30322</addrLine>
	   </address>
	   <availability status="unknown" TEIform="availability"><p TEIform="p">©Emory University. Permission is
	   granted to download, transmit, or otherwise reproduce,
	   distribute or display the contributions to the work claimed
	   by Emory University for non-profit educational purposes,
	   provided this header is included in its entirety.  For
	   inquiries about commercial uses, contact either: Institute
	   for Jewish Studies, Emory University, Atlanta GA 30322 or
	   the Lewis H. Beck Center for Electronic Collections and
	   Services, Woodruff Library, Emory University, Atlanta,
	   Georgia 30322 </p></availability> 
         <date TEIform="date">2003</date><idno type="ark">http://pid.emory.edu/ark:/25593/13nth</idno>
	 </publicationStmt>
	 <seriesStmt TEIform="seriesStmt">
	   <title TEIform="title">Holocaust Denial on Trial</title>
	 </seriesStmt>
	 <notesStmt TEIform="notesStmt"><note place="unspecified" anchored="yes" TEIform="note">Transcribed from the trial documents into
	 HTML by Addison-Wesley, and translated into XML based on the
	 HTML and print editions by the Beck Center staff.</note>
	<note type="summary">
This day is devoted to procedure, specifically Irving's challenge of the documentation presented during the trial.</note></notesStmt>
	 <sourceDesc TEIform="sourceDesc" default="NO">
	   <bibl TEIform="bibl" default="NO">
                <title TEIform="title">David John Cawdell Irving v. Penguin Books Limited and Deborah E. Lipstadt</title>
		<pubPlace TEIform="pubPlace">London</pubPlace>
		<publisher TEIform="publisher">Harry Counsell &amp; Company</publisher>
		<date TEIform="date">2000</date>
	   </bibl>
	 </sourceDesc>         
      </fileDesc>
      <encodingDesc TEIform="encodingDesc">
	<projectDesc TEIform="projectDesc" default="NO"><p TEIform="p">Trial transcripts, expert witness documents
	and other material used in Irving vs. Penguin Books and
	Deborah Lipstadt have been encoded in  XML using the TEI
	Guidelines, and made available for scholarly research and
	educational purposes.</p></projectDesc>
	<editorialDecl TEIform="editorialDecl" default="NO">
	<correction method="silent" status="unknown" TEIform="correction" default="NO"><p TEIform="p">Obvious errors in spelling or punctuation have
	  not been corrected in any way.</p></correction>
	<normalization method="silent" TEIform="normalization" default="NO"><p TEIform="p"/></normalization>
	<quotation form="unknown" TEIform="quotation" marks="all" default="NO"><p TEIform="p">All "smart" quotes have been silently replaced
	with straight quotes. Block quotes are marked with q or quote
	elements</p></quotation>
	<p TEIform="p">The canonical source document is the trial
	document. In some cases material was added or deleted from the
	versions of the documents that became the html version, and in
	other cases, authorial changes were made to the trial
	documents. These sections are noted with add or addSpan
	elements for additions or del or delSpan elements for
	deletions.</p>
	</editorialDecl>
	<tagsDecl TEIform="tagsDecl">
	  <rendition id="quote" TEIform="rendition">Paragraphs including q or quote
	  elements indicate material that is in a block
	  quote.</rendition>
	  <rendition id="title" TEIform="rendition">Where the title of a work is
	  italicized, it is marked with a title element, both in the
	  text and in footnotes.</rendition>
	  <rendition id="bottom">Pages are numbered at the bottom of the
	  page. The page number has a "." followed by white space, then
	  "P-" and the number.</rendition>
	  <tagUsage gi="pb" render="bottom" n="P-#n">bottom</tagUsage>
	  <tagUsage gi="q" render="quote" TEIform="tagUsage">blockquote</tagUsage>
	  <tagUsage gi="quote" render="quote" TEIform="tagUsage">blockquote</tagUsage>
	  <tagUsage gi="title" render="title" TEIform="tagUsage">italic</tagUsage>
	</tagsDecl>
	<classDecl TEIform="classDecl">
	  <taxonomy TEIform="taxonomy">
	  <category TEIform="category"><catDesc TEIform="catDesc"/></category>
	  </taxonomy>
	</classDecl>
      </encodingDesc>
      <profileDesc>
      <creation>
        <rs type="collection">Trial Documents</rs>
        <rs type="subset">Transcripts</rs>
        <rs type="object">Day 31</rs>
      </creation>
      </profileDesc>

    <revisionDesc TEIform="revisionDesc">
      <change TEIform="change">
        <date TEIform="date">Feb.-Mar. 2003</date>
         <respStmt TEIform="respStmt">
         <name TEIform="name">Alice Hickcox</name>
         <resp TEIform="resp">encoder, Beck Center staff</resp></respStmt>
         <item TEIform="item">basic XML structure</item>
       </change>
       <change TEIform="change">
        <date TEIform="date">Mar.-Apr. 2003</date>
         <respStmt TEIform="respStmt">
         <name TEIform="name">Tushar Shah</name>
         <resp TEIform="resp">encoder, Beck Center Student Assistant</resp></respStmt>
         <item TEIform="item">who attributes</item>
       </change>
       <change TEIform="change">
        <date TEIform="date">June 2003</date>
         <respStmt TEIform="respStmt">
         <name TEIform="name">Alice Hickcox</name>
         <resp TEIform="resp">encoder, Beck Center staff</resp></respStmt>
         <item TEIform="item">assembled into 1 file</item>
       </change>
 <change TEIform="change">
        <date TEIform="date">June 2004</date>
         <respStmt TEIform="respStmt">
         <name TEIform="name">Alice Hickcox</name>
         <resp TEIform="resp">encoder, Beck Center staff</resp></respStmt>
         <item TEIform="item">split into 32 files</item>
       </change>
    </revisionDesc>
  </teiHeader>

<text id="day31" TEIform="text">
<front TEIform="front">
<castList TEIform="castList">
<castItem TEIform="castItem" type="role">
<role id="mrjg" TEIform="role">Mr Justice Gray</role>
</castItem>
<castItem TEIform="castItem" type="role">
<role id="rrqc" TEIform="role">Mr Rampton</role>
</castItem>
<castItem TEIform="castItem" type="role">
<role id="djci" TEIform="role">Mr Irving</role>
</castItem>
<castItem TEIform="castItem" type="role">
<role id="millar" TEIform="role">Mr Peter Millar</role>
</castItem>
<castItem TEIform="castItem" type="role">
<role id="pkmc" TEIform="role">Professor Kevin McDonald</role>
</castItem>
<castItem TEIform="castItem" type="role">
<role id="keegan" TEIform="role">Sir John Keegan</role>
</castItem>
<castItem TEIform="castItem" type="role">
<role id="chairman" TEIform="role">The Chairman</role>
</castItem>
<castItem TEIform="castItem" type="role">
<role id="drhf" TEIform="role">Dr Hajo Funke</role>
</castItem>
<castItem TEIform="castItem" type="role">
<role id="interpreter" TEIform="role">Interpreter</role>
</castItem>
<castItem TEIform="castItem" type="role">
<role id="watt" TEIform="role">Professor Cameron Watt</role>
</castItem>
<castItem TEIform="castItem" type="role">
<role id="pcrb" TEIform="role">Professor Christopher Robert Browning</role>
</castItem>
<castItem TEIform="castItem" type="role">
<role id="dhpl" TEIform="role">Dr Heinz Peter Longerich</role>
</castItem>
<castItem TEIform="castItem" type="role">
<role id="prje" TEIform="role">Professor Richard John Evans</role>
</castItem>
<castItem TEIform="castItem" type="role">
<role id="pelt" TEIform="role">Professor Robert Jan van Pelt</role>
</castItem>
<castItem TEIform="castItem" type="role">
<role id="rogers" TEIform="role">Miss Heather Rogers</role>
</castItem>
<castItem TEIform="castItem" type="role">
<role id="julius" TEIform="role">Mr Anthony Julius</role>
</castItem>
</castList>

<titlePage TEIform="titlePage">
<docTitle TEIform="docTitle">
<titlePart TEIform="titlePart" type="main">
<lb n=" 1" TEIform="lb"/>IN THE HIGH COURT OF JUSTICE <lb TEIform="lb"/>

    1996 I. No. 113<lb TEIform="lb"/>

QUEEN'S BENCH DIVISION
<lb n=" 2" TEIform="lb"/>Royal Courts of Justice
<lb n=" 3" TEIform="lb"/>Strand, London
<lb n=" 4" TEIform="lb"/><date n="day31" value="2000-03-14" TEIform="date">Tuesday, 14th March 2000</date>
<lb n=" 5" TEIform="lb"/>
<lb n=" 6" TEIform="lb"/>Before:
<lb n=" 7" TEIform="lb"/>MR JUSTICE GRAY
<lb n=" 8" TEIform="lb"/>
<lb n=" 9" TEIform="lb"/>B E T W E E N: DAVID JOHN CAWDELL IRVING
<lb n="10" TEIform="lb"/>Claimant -and-
<lb n="11" TEIform="lb"/>(1) PENGUIN BOOKS LIMITED
<lb n="12" TEIform="lb"/>(2) DEBORAH E. LIPSTADT
<lb n="13" TEIform="lb"/>Defendants
<lb n="14" TEIform="lb"/>The Claimant appeared in person
<lb n="15" TEIform="lb"/>MR RICHARD RAMPTON Q.C. (instructed by Messrs Davenport Lyons and Mishcon de Reya) appeared on behalf of the First and
<lb n="16" TEIform="lb"/>Second Defendants
<lb n="17" TEIform="lb"/>MISS HEATHER ROGERS (instructed by Davenport Lyons) appeared on behalf of the First Defendant Penguin Books Limited
<lb n="18" TEIform="lb"/>MR ANTHONY JULIUS (of Mishcon de Reya) appeared on behalf of
<lb n="19" TEIform="lb"/>the Second Defendant Deborah Lipstadt
<lb n="20" TEIform="lb"/>
<lb n="21" TEIform="lb"/>(Transcribed from the stenographic notes of Harry Counsell<lb TEIform="lb"/>

&#x0026;Company, Clifford's Inn, Fetter Lane, London EC4
<lb n="22" TEIform="lb"/>Telephone: 020-7242-9346)
<lb n="23" TEIform="lb"/>(This transcript is not to be reproduced without the written permission of Harry<lb TEIform="lb"/>

Counsell &#x0026;Company)
<lb n="24" TEIform="lb"/>
<lb n="25" TEIform="lb"/><title n="day31" TEIform="title">PROCEEDINGS - DAY THIRTY-ONE</title>
<lb n="26" TEIform="lb"/>

</titlePart>

</docTitle>

<pb n=".  P-1" TEIform="pb"/>

</titlePage>

</front>

<!--START TEXT HERE-->

<body TEIform="body">
<lb n=" 1" TEIform="lb"/><head TEIform="head">&#x003C; (10.30 a.m.)</head>
<lb n=" 2" TEIform="lb"/><sp who="mrjg" TEIform="sp"><speaker TEIform="speaker">MR JUSTICE GRAY:</speaker><p TEIform="p">Mr Irving?</p></sp>
<lb n=" 3" TEIform="lb"/><sp who="djci" TEIform="sp"><speaker TEIform="speaker">MR IRVING:</speaker><p TEIform="p">My Lord, I have provided your Lordship a copy of
<lb n=" 4" TEIform="lb"/>the fresh off the presses closing speech which I
<lb n=" 5" TEIform="lb"/>would propose to read tomorrow.</p></sp>
<lb n=" 6" TEIform="lb"/><sp who="mrjg" TEIform="sp"><speaker TEIform="speaker">MR JUSTICE GRAY:</speaker><p TEIform="p">How does that ----</p></sp>
<lb n=" 7" TEIform="lb"/><sp who="djci" TEIform="sp"><speaker TEIform="speaker">MR IRVING:</speaker><p TEIform="p">It is 104 pages.  It continues from where the
<lb n=" 8" TEIform="lb"/>version left off which I supplied your Lordship yesterday
<lb n=" 9" TEIform="lb"/>and I have also reversed the order what I would call
<lb n="10" TEIform="lb"/>sections 2 and 3 of it.  If I can say simply it starts off
<lb n="11" TEIform="lb"/>with have an opening preamble.  It continues, my Lord,
<lb n="12" TEIform="lb"/>with a look at some of the historical issues and then only
<lb n="13" TEIform="lb"/>after a while does it, after about 30 pages, then go on to
<lb n="14" TEIform="lb"/>what I call bundle E matters.</p></sp>
<lb n="15" TEIform="lb"/><sp who="mrjg" TEIform="sp"><speaker TEIform="speaker">MR JUSTICE GRAY:</speaker><p TEIform="p">Just so I understand how the two relate to
<lb n="16" TEIform="lb"/>one another, I had yesterday from you 56 pages, I think it
<lb n="17" TEIform="lb"/>was.</p></sp>
<lb n="18" TEIform="lb"/><sp who="djci" TEIform="sp"><speaker TEIform="speaker">MR IRVING:</speaker><p TEIform="p">Yes.</p></sp>
<lb n="19" TEIform="lb"/><sp who="mrjg" TEIform="sp"><speaker TEIform="speaker">MR JUSTICE GRAY:</speaker><p TEIform="p">Are they the first 56 pages?</p></sp>
<lb n="20" TEIform="lb"/><sp who="djci" TEIform="sp"><speaker TEIform="speaker">MR IRVING:</speaker><p TEIform="p">They are the first 56 pages, but they have been
<lb n="21" TEIform="lb"/>cosmetically worked over.  I have ----</p></sp>
<lb n="22" TEIform="lb"/><sp who="mrjg" TEIform="sp"><speaker TEIform="speaker">MR JUSTICE GRAY:</speaker><p TEIform="p">Have they?</p></sp>
<lb n="23" TEIform="lb"/><sp who="djci" TEIform="sp"><speaker TEIform="speaker">MR IRVING:</speaker><p TEIform="p">--- a gentleman who I refer to as my political
<lb n="24" TEIform="lb"/>correctness editor, he came over and worked over it for
<lb n="25" TEIform="lb"/>me.</p></sp>
<lb n="26" TEIform="lb"/><sp who="mrjg" TEIform="sp"><speaker TEIform="speaker">MR JUSTICE GRAY:</speaker><p TEIform="p">Good.  I have read and marked up slightly





<pb n=".  P-2" TEIform="pb"/>




<lb n=" 1" TEIform="lb"/>what you gave me yesterday.</p></sp>
<lb n=" 2" TEIform="lb"/><sp who="djci" TEIform="sp"><speaker TEIform="speaker">MR IRVING:</speaker><p TEIform="p">That is what I feared.  The page numbers will make
<lb n=" 3" TEIform="lb"/>no sense to you now, my Lord, because of the bulk change
<lb n=" 4" TEIform="lb"/>I did.  I switched, effectively, sections 2 and 3,
<lb n=" 5" TEIform="lb"/>although they are not numbered, purely to put them into a
<lb n=" 6" TEIform="lb"/>more optimistic up beat sequence.</p></sp>
<lb n=" 7" TEIform="lb"/><sp who="mrjg" TEIform="sp"><speaker TEIform="speaker">MR JUSTICE GRAY:</speaker><p TEIform="p">Right.  I will try to -- I see, yes, it is
<lb n=" 8" TEIform="lb"/>completely changed .</p></sp>
<lb n=" 9" TEIform="lb"/><sp who="djci" TEIform="sp"><speaker TEIform="speaker">MR IRVING:</speaker><p TEIform="p">When I get back, my Lord, I am sure it will help
<lb n="10" TEIform="lb"/>your Lordship if I produce a brief concordance and fax it
<lb n="11" TEIform="lb"/>through to your office which will give your Lordship an
<lb n="12" TEIform="lb"/>overview.</p></sp>
<lb n="13" TEIform="lb"/><sp who="mrjg" TEIform="sp"><speaker TEIform="speaker">MR JUSTICE GRAY:</speaker><p TEIform="p">I can probably make my own way through it.</p></sp>
<lb n="14" TEIform="lb"/><sp who="djci" TEIform="sp"><speaker TEIform="speaker">MR IRVING:</speaker><p TEIform="p">I have put headings in ----</p></sp>
<lb n="15" TEIform="lb"/><sp who="mrjg" TEIform="sp"><speaker TEIform="speaker">MR JUSTICE GRAY:</speaker><p TEIform="p">Thank you very much.</p></sp>
<lb n="16" TEIform="lb"/><sp who="djci" TEIform="sp"><speaker TEIform="speaker">MR IRVING:</speaker><p TEIform="p">--- which will assist your Lordship.  I would also
<lb n="17" TEIform="lb"/>just like to say I had not at the time I wrote it had the
<lb n="18" TEIform="lb"/>opportunity of reading the Defendants' own statement.  So
<lb n="19" TEIform="lb"/>it is written in vacuo, so to speak, not that it will
<lb n="20" TEIform="lb"/>alter matters, I am sure.</p></sp>
<lb n="21" TEIform="lb"/><sp who="mrjg" TEIform="sp"><speaker TEIform="speaker">MR JUSTICE GRAY:</speaker><p TEIform="p">I think the theory was there was going to be
<lb n="22" TEIform="lb"/>an exchange so that is inevitable.</p></sp>
<lb n="23" TEIform="lb"/><sp who="djci" TEIform="sp"><speaker TEIform="speaker">MR IRVING:</speaker><p TEIform="p">Effectively, there has been an exchange,
<lb n="24" TEIform="lb"/>simultaneous change, because I am sure they have not read
<lb n="25" TEIform="lb"/>mine and I have not read theirs.</p></sp>
<lb n="26" TEIform="lb"/><sp who="mrjg" TEIform="sp"><speaker TEIform="speaker">MR JUSTICE GRAY:</speaker><p TEIform="p">Good. Thank you very much.</p></sp>





<pb n=".  P-3" TEIform="pb"/>




<lb n=" 1" TEIform="lb"/><sp who="rrqc" TEIform="sp"><speaker TEIform="speaker">MR RAMPTON:</speaker><p TEIform="p">Your Lordship has got I think now, I hope, a
<lb n=" 2" TEIform="lb"/>complete version of our written submission.  All the
<lb n=" 3" TEIform="lb"/>sections are now, I hope, complete.</p></sp>
<lb n=" 4" TEIform="lb"/><sp who="mrjg" TEIform="sp"><speaker TEIform="speaker">MR JUSTICE GRAY:</speaker><p TEIform="p">Yes.</p></sp>
<lb n=" 5" TEIform="lb"/><sp who="rrqc" TEIform="sp"><speaker TEIform="speaker">MR RAMPTON:</speaker><p TEIform="p">It is right.  I will not not say any more about
<lb n=" 6" TEIform="lb"/>that at the moment.  It is over 200 pages of rather dense
<lb n=" 7" TEIform="lb"/>reading.  I will tomorrow, as I have your Lordship's
<lb n=" 8" TEIform="lb"/>permission, I think, make a very much shorter summary
<lb n=" 9" TEIform="lb"/>submission orally.  I have not written that yet.  Your
<lb n="10" TEIform="lb"/>Lordship will not find any of the contents of it, having
<lb n="11" TEIform="lb"/>regard to this, in the least surprising, I am sure.
<lb n="12" TEIform="lb"/>I shall try to make sure that your Lordship gets it and
<lb n="13" TEIform="lb"/>Mr Irving in good time before the hearing starts tomorrow.</p></sp>
<lb n="14" TEIform="lb"/><sp who="mrjg" TEIform="sp"><speaker TEIform="speaker">MR JUSTICE GRAY:</speaker><p TEIform="p">Yes.</p></sp>
<lb n="15" TEIform="lb"/><sp who="rrqc" TEIform="sp"><speaker TEIform="speaker">MR RAMPTON:</speaker><p TEIform="p">But I will be surprised if I am on my feet for
<lb n="16" TEIform="lb"/>even more than a part of tomorrow morning.</p></sp>
<lb n="17" TEIform="lb"/><sp who="mrjg" TEIform="sp"><speaker TEIform="speaker">MR JUSTICE GRAY:</speaker><p TEIform="p">Good.  Mr Irving, you are proposing to do the
<lb n="18" TEIform="lb"/>same thing, as I understand it?</p></sp>
<lb n="19" TEIform="lb"/><sp who="djci" TEIform="sp"><speaker TEIform="speaker">MR IRVING:</speaker><p TEIform="p">I was hoping for some kind of guidance from your
<lb n="20" TEIform="lb"/>Lordship.  If your Lordship would mark in bulk or inform
<lb n="21" TEIform="lb"/>me in bulk at some time which passages you felt were not
<lb n="22" TEIform="lb"/>proper to deal with orally or in detail.  It is a detailed
<lb n="23" TEIform="lb"/>submission which I have made to your Lordship and your
<lb n="24" TEIform="lb"/>Lordship may feel that some of the matters are too
<lb n="25" TEIform="lb"/>detailed to be dealt with in a closing statement.</p></sp>
<lb n="26" TEIform="lb"/><sp who="mrjg" TEIform="sp"><speaker TEIform="speaker">MR JUSTICE GRAY:</speaker><p TEIform="p">I think I will give you a bit of guidance





<pb n=".  P-4" TEIform="pb"/>




<lb n=" 1" TEIform="lb"/>because, having read yesterday's 56 pages, and I do not
<lb n=" 2" TEIform="lb"/>say this critically but it did appear to me that there was
<lb n=" 3" TEIform="lb"/>a great deal on the topic about which you obviously feel
<lb n=" 4" TEIform="lb"/>passionately, namely what you see as being a conspiracy to
<lb n=" 5" TEIform="lb"/>bring your career as an author to a premature end.  Those
<lb n=" 6" TEIform="lb"/>are not your words, I appreciate.</p></sp>
<lb n=" 7" TEIform="lb"/><sp who="djci" TEIform="sp"><speaker TEIform="speaker">MR IRVING:</speaker><p TEIform="p">I astutely avoided that word.</p></sp>
<lb n=" 8" TEIform="lb"/><sp who="mrjg" TEIform="sp"><speaker TEIform="speaker">MR JUSTICE GRAY:</speaker><p TEIform="p">No, but there is an awful lot on that topic.
<lb n=" 9" TEIform="lb"/>Much of it did not appear to me to have anything to do
<lb n="10" TEIform="lb"/>with the Defendants.  You may take a different view, but
<lb n="11" TEIform="lb"/>I am not sure that the evidence suggests that the
<lb n="12" TEIform="lb"/>Defendants are as involved with all the things of which
<lb n="13" TEIform="lb"/>you are complaining as you suggest.  I, therefore, rather
<lb n="14" TEIform="lb"/>doubt whether it would be appropriate for you to use this
<lb n="15" TEIform="lb"/>court as a platform for what one might call a general
<lb n="16" TEIform="lb"/>attack on the conspirators, as you regard them.</p></sp>
<lb n="17" TEIform="lb"/><sp who="djci" TEIform="sp"><speaker TEIform="speaker">MR IRVING:</speaker><p TEIform="p">That is precisely the view that I expected from
<lb n="18" TEIform="lb"/>your Lordship which I obviously anticipated in the letter
<lb n="19" TEIform="lb"/>that I attached to the document.</p></sp>
<lb n="20" TEIform="lb"/><sp who="mrjg" TEIform="sp"><speaker TEIform="speaker">MR JUSTICE GRAY:</speaker><p TEIform="p">Yes.</p></sp>
<lb n="21" TEIform="lb"/><sp who="djci" TEIform="sp"><speaker TEIform="speaker">MR IRVING:</speaker><p TEIform="p">I will edit substantially with that in mind before
<lb n="22" TEIform="lb"/>I come to make the oral presentation.</p></sp>
<lb n="23" TEIform="lb"/><sp who="mrjg" TEIform="sp"><speaker TEIform="speaker">MR JUSTICE GRAY:</speaker><p TEIform="p">Yes.</p></sp>
<lb n="24" TEIform="lb"/><sp who="djci" TEIform="sp"><speaker TEIform="speaker">MR IRVING:</speaker><p TEIform="p">It will remain a part of the submission that I make
<lb n="25" TEIform="lb"/>to the court, but it will not be put in the oral part of
<lb n="26" TEIform="lb"/>the submission, if I can put it like that.</p></sp>





<pb n=".  P-5" TEIform="pb"/>




<lb n=" 1" TEIform="lb"/><sp who="mrjg" TEIform="sp"><speaker TEIform="speaker">MR JUSTICE GRAY:</speaker><p TEIform="p">Yes.  I think that is sensible, but beyond
<lb n=" 2" TEIform="lb"/>that I do not think I can really give you much guidance.
<lb n=" 3" TEIform="lb"/>If you were able to hand in what you were proposing to say
<lb n=" 4" TEIform="lb"/>in time for me to look at it, then if there is anything
<lb n=" 5" TEIform="lb"/>I think that is for one reason or another objectionable,
<lb n=" 6" TEIform="lb"/>or indeed Mr Rampton does, then you can be told and you
<lb n=" 7" TEIform="lb"/>can make submissions if you want to why you should be
<lb n=" 8" TEIform="lb"/>allowed to say it.</p></sp>
<lb n=" 9" TEIform="lb"/><sp who="djci" TEIform="sp"><speaker TEIform="speaker">MR IRVING:</speaker><p TEIform="p">I think I have a very astute feel for the way the
<lb n="10" TEIform="lb"/>court is feeling in this matter and, having got it off my
<lb n="11" TEIform="lb"/>chest, if I can put it like that, I will limit what
<lb n="12" TEIform="lb"/>I actually say to the matters which I consider to be of
<lb n="13" TEIform="lb"/>relevance.</p></sp>
<lb n="14" TEIform="lb"/><sp who="mrjg" TEIform="sp"><speaker TEIform="speaker">MR JUSTICE GRAY:</speaker><p TEIform="p">Yes.  What is at the heart of it, obviously,
<lb n="15" TEIform="lb"/>are criticisms that are listed in section 5.</p></sp>
<lb n="16" TEIform="lb"/><sp who="djci" TEIform="sp"><speaker TEIform="speaker">MR IRVING:</speaker><p TEIform="p">Well...</p></sp>
<lb n="17" TEIform="lb"/><sp who="mrjg" TEIform="sp"><speaker TEIform="speaker">MR JUSTICE GRAY:</speaker><p TEIform="p">1 through, well, to the end.</p></sp>
<lb n="18" TEIform="lb"/><sp who="djci" TEIform="sp"><speaker TEIform="speaker">MR IRVING:</speaker><p TEIform="p">The problem that I had, of course, is that not
<lb n="19" TEIform="lb"/>having been able to cross-examine the Defendants in this
<lb n="20" TEIform="lb"/>matter which would have brought forward the links which
<lb n="21" TEIform="lb"/>I am sure are there, this was the material which was
<lb n="22" TEIform="lb"/>assembled with that in mind.  They have avoided that
<lb n="23" TEIform="lb"/>difficulty by not presenting their witnesses for
<lb n="24" TEIform="lb"/>cross-examination.</p></sp>
<lb n="25" TEIform="lb"/><sp who="mrjg" TEIform="sp"><speaker TEIform="speaker">MR JUSTICE GRAY:</speaker><p TEIform="p">Yes.  I understand how you feel about that.</p></sp>
<lb n="26" TEIform="lb"/><sp who="djci" TEIform="sp"><speaker TEIform="speaker">MR IRVING:</speaker><p TEIform="p">And I wanted, nonetheless, to put it before your





<pb n=".  P-6" TEIform="pb"/>




<lb n=" 1" TEIform="lb"/>Lordship.  I also put a certain amount of explanatory
<lb n=" 2" TEIform="lb"/>material in the footnotes which I was not proposing to
<lb n=" 3" TEIform="lb"/>read out, purely to point your Lordship to where the
<lb n=" 4" TEIform="lb"/>documents are so as far as I know they are in the bundles
<lb n=" 5" TEIform="lb"/>or were they are in the daily transcripts.</p></sp>
<lb n=" 6" TEIform="lb"/><sp who="mrjg" TEIform="sp"><speaker TEIform="speaker">MR JUSTICE GRAY:</speaker><p TEIform="p">Yes, good.  Well, then that is ...</p></sp>
<lb n=" 7" TEIform="lb"/><sp who="rrqc" TEIform="sp"><speaker TEIform="speaker">MR RAMPTON:</speaker><p TEIform="p">There is only one other thing I need to do, I am
<lb n=" 8" TEIform="lb"/>sorry, it is to hand in a list of corrections -- they are
<lb n=" 9" TEIform="lb"/>mostly typographical errors and missing references -- for
<lb n="10" TEIform="lb"/>our long submission, if I may do that.</p></sp>
<lb n="11" TEIform="lb"/><sp who="mrjg" TEIform="sp"><speaker TEIform="speaker">MR JUSTICE GRAY:</speaker><p TEIform="p">Yes.  It is for you to make such oral
<lb n="12" TEIform="lb"/>submissions as you wish.</p></sp>
<lb n="13" TEIform="lb"/><sp who="rrqc" TEIform="sp"><speaker TEIform="speaker">MR RAMPTON:</speaker><p TEIform="p">I am sorry?</p></sp>
<lb n="14" TEIform="lb"/><sp who="mrjg" TEIform="sp"><speaker TEIform="speaker">MR JUSTICE GRAY:</speaker><p TEIform="p">Are you going to make any oral submissions?</p></sp>
<lb n="15" TEIform="lb"/><sp who="rrqc" TEIform="sp"><speaker TEIform="speaker">MR RAMPTON:</speaker><p TEIform="p">I am, tomorrow, yes.</p></sp>
<lb n="16" TEIform="lb"/><sp who="mrjg" TEIform="sp"><speaker TEIform="speaker">MR JUSTICE GRAY:</speaker><p TEIform="p">Tomorrow, right.</p></sp>
<lb n="17" TEIform="lb"/><sp who="djci" TEIform="sp"><speaker TEIform="speaker">MR IRVING:</speaker><p TEIform="p">I do not know whether this is the right point to
<lb n="18" TEIform="lb"/>your Lordship's attention to the fact that I am
<lb n="19" TEIform="lb"/>challenging now the Muller document, purely on the basis
<lb n="20" TEIform="lb"/>that it has not been provided to me in the way that your
<lb n="21" TEIform="lb"/>Lordship ordered the August 1st 1941 document, and this
<lb n="22" TEIform="lb"/>might be the place with which to deal with that.  I
<lb n="23" TEIform="lb"/>have dealt with it in the submission that I handed in this
<lb n="24" TEIform="lb"/>morning.</p></sp>
<lb n="25" TEIform="lb"/><sp who="mrjg" TEIform="sp"><speaker TEIform="speaker">MR JUSTICE GRAY:</speaker><p TEIform="p">Well, you will have to direct me to where it
<lb n="26" TEIform="lb"/>comes because, obviously, I have not read it.</p></sp>





<pb n=".  P-7" TEIform="pb"/>




<lb n=" 1" TEIform="lb"/><sp who="djci" TEIform="sp"><speaker TEIform="speaker">MR IRVING:</speaker><p TEIform="p">I have not got it with me, my Lord, but, basically,
<lb n=" 2" TEIform="lb"/>the document was supplied to me on the weekend.  It does
<lb n=" 3" TEIform="lb"/>not advance our knowledge as to the original document or
<lb n=" 4" TEIform="lb"/>the original file.  There are no surrounding documents
<lb n=" 5" TEIform="lb"/>provided with it.  I have not been able to make any more
<lb n=" 6" TEIform="lb"/>detailed researches into the nature of the document.  So
<lb n=" 7" TEIform="lb"/>I have made a submission in the document I have handed
<lb n=" 8" TEIform="lb"/>your Lordship, both on the admissibility of that letter
<lb n=" 9" TEIform="lb"/>and, if your Lordship is minded to admit the letter in
<lb n="10" TEIform="lb"/>evidence, nonetheless, also on the content of the letter.</p></sp>
<lb n="11" TEIform="lb"/><sp who="mrjg" TEIform="sp"><speaker TEIform="speaker">MR JUSTICE GRAY:</speaker><p TEIform="p">Well, this is all a bit opaque to me.  Are
<lb n="12" TEIform="lb"/>you able to point to where you deal with this in your
<lb n="13" TEIform="lb"/>revised closing statement?  I simply do not know my way
<lb n="14" TEIform="lb"/>around it all because I have only seen it within the last
<lb n="15" TEIform="lb"/>couple of minutes.</p></sp>
<lb n="16" TEIform="lb"/><sp who="djci" TEIform="sp"><speaker TEIform="speaker">MR IRVING:</speaker><p TEIform="p">It was finished at 5 o'clock this morning.</p></sp>
<lb n="17" TEIform="lb"/><sp who="mrjg" TEIform="sp"><speaker TEIform="speaker">MR JUSTICE GRAY:</speaker><p TEIform="p">I can understand that.  Even so, if I am
<lb n="18" TEIform="lb"/>going to make sense of what you are telling me about the
<lb n="19" TEIform="lb"/>Muller document, I need to have the references, do I not?</p></sp>
<lb n="20" TEIform="lb"/><sp who="djci" TEIform="sp"><speaker TEIform="speaker">MR IRVING:</speaker><p TEIform="p">I shall have to hold that over then, my Lord, until
<lb n="21" TEIform="lb"/>tomorrow.</p></sp>
<lb n="22" TEIform="lb"/><sp who="rrqc" TEIform="sp"><speaker TEIform="speaker">MR RAMPTON:</speaker><p TEIform="p">My Lord, I simply do not understand this.  I have
<lb n="23" TEIform="lb"/>never understood, apart from the fact that he does not
<lb n="24" TEIform="lb"/>like its contents, what Mr Irving's problem with this
<lb n="25" TEIform="lb"/>document has been.  We have many documents in the file
<lb n="26" TEIform="lb"/>which are original Nazi documents headed "Abschrift" by





<pb n=".  P-8" TEIform="pb"/>




<lb n=" 1" TEIform="lb"/>the person who made the copy because that is what they
<lb n=" 2" TEIform="lb"/>are.  They are copies of original documents that have
<lb n=" 3" TEIform="lb"/>disappeared, but they are contemporaneous copies.</p>
<lb n=" 4" TEIform="lb"/><p TEIform="p">We now have have three copies of this document,
<lb n=" 5" TEIform="lb"/>one from Moscow which is where the original copy is held
<lb n=" 6" TEIform="lb"/>in the archive.  That is the one that looks like that.  It
<lb n=" 7" TEIform="lb"/>has a front cover that looks like that.  Your Lordship has
<lb n=" 8" TEIform="lb"/>had all these, I think?</p></sp>
<lb n=" 9" TEIform="lb"/><sp who="mrjg" TEIform="sp"><speaker TEIform="speaker">MR JUSTICE GRAY:</speaker><p TEIform="p">I do not remember that front cover.  Can you
<lb n="10" TEIform="lb"/>give me the reference?  I am bound to say I have found it
<lb n="11" TEIform="lb"/>in trying to prepare my judgment, extraordinarily
<lb n="12" TEIform="lb"/>difficult because of the way in which the documents have
<lb n="13" TEIform="lb"/>been got together, but if you can give me the reference to
<lb n="14" TEIform="lb"/>it?</p></sp>
<lb n="15" TEIform="lb"/><sp who="rrqc" TEIform="sp"><speaker TEIform="speaker">MR RAMPTON:</speaker><p TEIform="p">It is in N1.  I have not got N1 here,
<lb n="16" TEIform="lb"/>unfortunately, but its date is 1st August so I can very
<lb n="17" TEIform="lb"/>quickly find it.</p></sp>
<lb n="18" TEIform="lb"/><sp who="mrjg" TEIform="sp"><speaker TEIform="speaker">MR JUSTICE GRAY:</speaker><p TEIform="p">Page 49?</p></sp>
<lb n="19" TEIform="lb"/><sp who="rrqc" TEIform="sp"><speaker TEIform="speaker">MR RAMPTON:</speaker><p TEIform="p">Yes.  Page 49.  I do not have it here, I am
<lb n="20" TEIform="lb"/>afraid, but the 49, the actual copy of which we now have
<lb n="21" TEIform="lb"/>three copies is at page 51.</p></sp>
<lb n="22" TEIform="lb"/><sp who="mrjg" TEIform="sp"><speaker TEIform="speaker">MR JUSTICE GRAY:</speaker><p TEIform="p">Yes.  I am just reminding myself of what the
<lb n="23" TEIform="lb"/>points were that Mr Irving took and he will tell me if
<lb n="24" TEIform="lb"/>there are any others.  Firstly, it is an Abschrift;
<lb n="25" TEIform="lb"/>secondly, it has a rather security classification given
<lb n="26" TEIform="lb"/>its contents, just "Geheim".</p></sp>





<pb n=".  P-9" TEIform="pb"/>




<lb n=" 1" TEIform="lb"/><sp who="rrqc" TEIform="sp"><speaker TEIform="speaker">MR RAMPTON:</speaker><p TEIform="p">There are plenty of those.</p></sp>
<lb n=" 2" TEIform="lb"/><sp who="mrjg" TEIform="sp"><speaker TEIform="speaker">MR JUSTICE GRAY:</speaker><p TEIform="p">And also Mr Irving, I think, said that he had
<lb n=" 3" TEIform="lb"/>been told by the German Federal archives that the document
<lb n=" 4" TEIform="lb"/>is not to be found in the file from which it purports to
<lb n=" 5" TEIform="lb"/>come.</p></sp>
<lb n=" 6" TEIform="lb"/><sp who="rrqc" TEIform="sp"><speaker TEIform="speaker">MR RAMPTON:</speaker><p TEIform="p">Well, the explanation for that, I know not.  As
<lb n=" 7" TEIform="lb"/>I said, my speculation is that it is just a reference to
<lb n=" 8" TEIform="lb"/>the wrong file.  What I do now know, and Mr Irving knows
<lb n=" 9" TEIform="lb"/>and your Lordship knows, is that the original document,
<lb n="10" TEIform="lb"/>the original Abschrift, is held in Moscow.  A copy of that
<lb n="11" TEIform="lb"/>has been sent to us from Moscow, sent to Dr Longerich.
<lb n="12" TEIform="lb"/>There is another copy at the prosecution centre at
<lb n="13" TEIform="lb"/>Ludwigburg, that we also have.  There is another copy in
<lb n="14" TEIform="lb"/>the archive in Munich, that we also have.</p></sp>
<lb n="15" TEIform="lb"/><sp who="djci" TEIform="sp"><speaker TEIform="speaker">MR IRVING:</speaker><p TEIform="p">My Lord, the problem I have with the document is it
<lb n="16" TEIform="lb"/>is very analogous to the Schlegelberger document.  The
<lb n="17" TEIform="lb"/>Defendants were able, in my view, unsuccessfully to attack
<lb n="18" TEIform="lb"/>the Schlegelberger document on the basis of the other
<lb n="19" TEIform="lb"/>documents in the same file.  We have been shown just this
<lb n="20" TEIform="lb"/>one document.  I am not able to attack it on the basis of
<lb n="21" TEIform="lb"/>other documents in the same file because, firstly, I was
<lb n="22" TEIform="lb"/>given the wrong file number and the Bundesarchiv told me,
<lb n="23" TEIform="lb"/>"This is the wrong file number".</p>
<lb n="24" TEIform="lb"/><p TEIform="p">Secondly, we have once again only been shown
<lb n="25" TEIform="lb"/>exactly the same copy which appears to be a copy which has
<lb n="26" TEIform="lb"/>been recopied for various other archives inside Germany.





<pb n=".  P-10" TEIform="pb"/>




<lb n=" 1" TEIform="lb"/>We have not been told what else is in that file which may
<lb n=" 2" TEIform="lb"/>give it a completely innocent meaning.  I submit that the
<lb n=" 3" TEIform="lb"/>content of the document is relatively innocent anyway,
<lb n=" 4" TEIform="lb"/>but, in view of the fact that the Defendants have had two
<lb n=" 5" TEIform="lb"/>months to provide me with sufficient identifying material
<lb n=" 6" TEIform="lb"/>which would enable me to identify the file so that I could
<lb n=" 7" TEIform="lb"/>rummage around in the rest of the file, in the same way as
<lb n=" 8" TEIform="lb"/>the Defendants were able to do with the Schlegelberger
<lb n=" 9" TEIform="lb"/>document, I submit that your Lordship should say this is
<lb n="10" TEIform="lb"/>one document that should not be added to Mr Irving's
<lb n="11" TEIform="lb"/>burden.</p></sp>
<lb n="12" TEIform="lb"/><sp who="mrjg" TEIform="sp"><speaker TEIform="speaker">MR JUSTICE GRAY:</speaker><p TEIform="p">Well, there was a stage in the trial when
<lb n="13" TEIform="lb"/>I think it was proposed that the Defendants should write
<lb n="14" TEIform="lb"/>to I think the archive in Munich to try to find out what
<lb n="15" TEIform="lb"/>documents, therefore, in whichever archive this did come
<lb n="16" TEIform="lb"/>from.  I do not know whether that happened.</p></sp>
<lb n="17" TEIform="lb"/><sp who="rrqc" TEIform="sp"><speaker TEIform="speaker">MR RAMPTON:</speaker><p TEIform="p">I do not know whether it happened or not.</p></sp>
<lb n="18" TEIform="lb"/><sp who="mrjg" TEIform="sp"><speaker TEIform="speaker">MR JUSTICE GRAY:</speaker><p TEIform="p">I am right in thinking that was proposed?</p></sp>
<lb n="19" TEIform="lb"/><sp who="rrqc" TEIform="sp"><speaker TEIform="speaker">MR RAMPTON:</speaker><p TEIform="p">I cannot even remember that, but I am sure your
<lb n="20" TEIform="lb"/>Lordship is.  I really have no recollection of it.  The
<lb n="21" TEIform="lb"/>short point surely is this, I would submit.  This is on
<lb n="22" TEIform="lb"/>its face an original document.  It does on its face say
<lb n="23" TEIform="lb"/>what we say it says.</p></sp>
<lb n="24" TEIform="lb"/><sp who="mrjg" TEIform="sp"><speaker TEIform="speaker">MR JUSTICE GRAY:</speaker><p TEIform="p">I am sorry to interrupt, but it is not
<lb n="25" TEIform="lb"/>actually an original document is it, because it is an
<lb n="26" TEIform="lb"/>Abschrift?</p></sp>





<pb n=".  P-11" TEIform="pb"/>




<lb n=" 1" TEIform="lb"/><sp who="djci" TEIform="sp"><speaker TEIform="speaker">MR IRVING:</speaker><p TEIform="p">My Lord, it does actually have SS runes in the last
<lb n=" 2" TEIform="lb"/>line.</p></sp>
<lb n=" 3" TEIform="lb"/><sp who="rrqc" TEIform="sp"><speaker TEIform="speaker">MR RAMPTON:</speaker><p TEIform="p">It is an original Abschrift, that is the point.
<lb n=" 4" TEIform="lb"/>It was an Abschrift made by some SS person at this time,
<lb n=" 5" TEIform="lb"/>August 1941.  There cannot be any doubting that.  If
<lb n=" 6" TEIform="lb"/>Mr Irving wanted, as it were, to skew or displace the
<lb n=" 7" TEIform="lb"/>document's obvious significance, then it was up to him to
<lb n=" 8" TEIform="lb"/>do so.  The document has been in the file since goodness
<lb n=" 9" TEIform="lb"/>knows when.  It is no part of our burden to stand up a
<lb n="10" TEIform="lb"/>document which is on its face quite evidently authentic.</p></sp>
<lb n="11" TEIform="lb"/><sp who="mrjg" TEIform="sp"><speaker TEIform="speaker">MR JUSTICE GRAY:</speaker><p TEIform="p">That is not to prevent Mr Irving saying
<lb n="12" TEIform="lb"/>"I challenge the authenticity of the document".</p></sp>
<lb n="13" TEIform="lb"/><sp who="rrqc" TEIform="sp"><speaker TEIform="speaker">MR RAMPTON:</speaker><p TEIform="p">That is right.</p></sp>
<lb n="14" TEIform="lb"/><sp who="mrjg" TEIform="sp"><speaker TEIform="speaker">MR JUSTICE GRAY:</speaker><p TEIform="p">I will then have to decide whether that is a
<lb n="15" TEIform="lb"/>historically valid challenge to mount to a document of
<lb n="16" TEIform="lb"/>this kind or whether it is not.</p></sp>
<lb n="17" TEIform="lb"/><sp who="rrqc" TEIform="sp"><speaker TEIform="speaker">MR RAMPTON:</speaker><p TEIform="p">Of course, as he does with the document of June 43
<lb n="18" TEIform="lb"/>about incineration.  Of course he can.</p></sp>
<lb n="19" TEIform="lb"/><sp who="djci" TEIform="sp"><speaker TEIform="speaker">MR IRVING:</speaker><p TEIform="p">My Lord, the problem is I have not been able to go
<lb n="20" TEIform="lb"/>behind that document, if I can put it like that, because
<lb n="21" TEIform="lb"/>the wrong file was given to me.  They have not provided me
<lb n="22" TEIform="lb"/>with the correct file number.  They have provided me just
<lb n="23" TEIform="lb"/>repeatedly with the same Abschrift or copy, and all this
<lb n="24" TEIform="lb"/>has been done literally after the close of business on
<lb n="25" TEIform="lb"/>Friday, including sending me a document which they had
<lb n="26" TEIform="lb"/>received on January 28th, 42 days earlier, and they had





<pb n=".  P-12" TEIform="pb"/>




<lb n=" 1" TEIform="lb"/>only just forwarded to me, namely the copy they got from
<lb n=" 2" TEIform="lb"/>Munich, and this has made it impossible for me to go
<lb n=" 3" TEIform="lb"/>behind that particular document.</p></sp>
<lb n=" 4" TEIform="lb"/><sp who="mrjg" TEIform="sp"><speaker TEIform="speaker">MR JUSTICE GRAY:</speaker><p TEIform="p">We are launching into the detail of this one
<lb n=" 5" TEIform="lb"/>document, and there is a lot of other ground to cover, but
<lb n=" 6" TEIform="lb"/>are you saying to me that you would like to be told and
<lb n=" 7" TEIform="lb"/>have disclosed to you by the Defendants such
<lb n=" 8" TEIform="lb"/>correspondence as has taken place between them and the
<lb n=" 9" TEIform="lb"/>Munich archive?</p></sp>
<lb n="10" TEIform="lb"/><sp who="djci" TEIform="sp"><speaker TEIform="speaker">MR IRVING:</speaker><p TEIform="p">That would be a very useful order for your Lordship
<lb n="11" TEIform="lb"/>to make.  If it turns out that they did not make the
<lb n="12" TEIform="lb"/>enquiries that your Lordship directed, then I would submit
<lb n="13" TEIform="lb"/>your Lordship should properly say in that case, "I will
<lb n="14" TEIform="lb"/>not admit this document in evidence".</p></sp>
<lb n="15" TEIform="lb"/><sp who="mrjg" TEIform="sp"><speaker TEIform="speaker">MR JUSTICE GRAY:</speaker><p TEIform="p">That is stage two as it were.  Mr Rampton,
<lb n="16" TEIform="lb"/>why should I not make an order that Mr Irving sees
<lb n="17" TEIform="lb"/>whatever correspondence there has been?</p></sp>
<lb n="18" TEIform="lb"/><sp who="rrqc" TEIform="sp"><speaker TEIform="speaker">MR RAMPTON:</speaker><p TEIform="p">Because there is not any correspondence.  It was
<lb n="19" TEIform="lb"/>done orally by Dr Longerich so far as I am aware.  If
<lb n="20" TEIform="lb"/>there is a letter back from the Munich archive which I do
<lb n="21" TEIform="lb"/>not know about, which Mr Irving ought to see, then of
<lb n="22" TEIform="lb"/>course I will disclose it, or if your Lordship would like
<lb n="23" TEIform="lb"/>to see it.</p></sp>
<lb n="24" TEIform="lb"/><sp who="djci" TEIform="sp"><speaker TEIform="speaker">MR IRVING:</speaker><p TEIform="p">Then of course we can see if there is any reference
<lb n="25" TEIform="lb"/>to the ----</p></sp>
<lb n="26" TEIform="lb"/><sp who="rrqc" TEIform="sp"><speaker TEIform="speaker">MR RAMPTON:</speaker><p TEIform="p">So far as I know, there is no correspondence.  Can





<pb n=".  P-13" TEIform="pb"/>




<lb n=" 1" TEIform="lb"/>I ask your Lordship to look at the fax cover?  There are
<lb n=" 2" TEIform="lb"/>two fax covers.</p></sp>
<lb n=" 3" TEIform="lb"/><sp who="djci" TEIform="sp"><speaker TEIform="speaker">MR IRVING:</speaker><p TEIform="p">The analogy, my Lord, would be if I produced only
<lb n=" 4" TEIform="lb"/>the Schlegelberger document without the surrounding
<lb n=" 5" TEIform="lb"/>documents in that file.</p></sp>
<lb n=" 6" TEIform="lb"/><sp who="rrqc" TEIform="sp"><speaker TEIform="speaker">MR RAMPTON:</speaker><p TEIform="p">That is as may be.  I rather doubt it myself.
<lb n=" 7" TEIform="lb"/>I have no idea of the size of the file to which this
<lb n=" 8" TEIform="lb"/>document may belong.  For all I know, it may contain
<lb n=" 9" TEIform="lb"/>thousands of documents.  It is not as though Mr Irving is
<lb n="10" TEIform="lb"/>confined to Munich.  There are two other archives in which
<lb n="11" TEIform="lb"/>this document resides.  You will see this is not Munich,
<lb n="12" TEIform="lb"/>this is Ludwigsburg who has written to Dr Longerich.</p></sp>
<lb n="13" TEIform="lb"/><sp who="mrjg" TEIform="sp"><speaker TEIform="speaker">MR JUSTICE GRAY:</speaker><p TEIform="p">What I think should happen, since we are on
<lb n="14" TEIform="lb"/>the authenticity of this document, and what I order shall
<lb n="15" TEIform="lb"/>happen, is that by close of business today, by 5.30 today,
<lb n="16" TEIform="lb"/>Mr Irving should have disclosed to him such correspondence
<lb n="17" TEIform="lb"/>as has come into existence as a result of the Defendants'
<lb n="18" TEIform="lb"/>efforts to track down either the original of this
<lb n="19" TEIform="lb"/>document, or the contents of any file in which the
<lb n="20" TEIform="lb"/>document may reside at whichever archive it is in.</p></sp>
<lb n="21" TEIform="lb"/><sp who="rrqc" TEIform="sp"><speaker TEIform="speaker">MR RAMPTON:</speaker><p TEIform="p">Of course.  I have no problem with that at all.
<lb n="22" TEIform="lb"/>My worry is that there will not be any documents of that
<lb n="23" TEIform="lb"/>nature because there were not any letters written by
<lb n="24" TEIform="lb"/>anybody.</p></sp>
<lb n="25" TEIform="lb"/><sp who="mrjg" TEIform="sp"><speaker TEIform="speaker">MR JUSTICE GRAY:</speaker><p TEIform="p">Then Mr Irving may be able to make some
<lb n="26" TEIform="lb"/>submissions based on the failure to chase up.</p></sp>





<pb n=".  P-14" TEIform="pb"/>




<lb n=" 1" TEIform="lb"/><sp who="rrqc" TEIform="sp"><speaker TEIform="speaker">MR RAMPTON:</speaker><p TEIform="p">Unless, on the contrary, what I do do, or what
<lb n=" 2" TEIform="lb"/>somebody does, it will not be me, is actually produce to
<lb n=" 3" TEIform="lb"/>Mr Irving and your Lordship what one might call a file
<lb n=" 4" TEIform="lb"/>note or memorandum about what Dr Longerich, if it is he
<lb n=" 5" TEIform="lb"/>who did it, what he actually did.</p></sp>
<lb n=" 6" TEIform="lb"/><sp who="mrjg" TEIform="sp"><speaker TEIform="speaker">MR JUSTICE GRAY:</speaker><p TEIform="p">Yes.</p></sp>
<lb n=" 7" TEIform="lb"/><sp who="rrqc" TEIform="sp"><speaker TEIform="speaker">MR RAMPTON:</speaker><p TEIform="p">He probably will not any longer remember the dates
<lb n=" 8" TEIform="lb"/>or the times of his telephone calls, but he will certainly
<lb n=" 9" TEIform="lb"/>have a recollection of the people he spoke to and of the
<lb n="10" TEIform="lb"/>efforts that were made, and I know somebody went to the
<lb n="11" TEIform="lb"/>archive in Moscow on his behalf, to find this document
<lb n="12" TEIform="lb"/>and, if it be the case, any surrounding documents of any
<lb n="13" TEIform="lb"/>relevance.</p></sp>
<lb n="14" TEIform="lb"/><sp who="mrjg" TEIform="sp"><speaker TEIform="speaker">MR JUSTICE GRAY:</speaker><p TEIform="p">If you would do that, either disclose the
<lb n="15" TEIform="lb"/>documents or in the form of a memorandum from Dr Longerich
<lb n="16" TEIform="lb"/>or those instructing you, let Mr Irving know and me what
<lb n="17" TEIform="lb"/>attempts have been made to locate anything that will help
<lb n="18" TEIform="lb"/>on the authenticity of the Muller document.</p>
<lb n="19" TEIform="lb"/><p TEIform="p">Mr Irving, it is for you to take your own course
<lb n="20" TEIform="lb"/>as regards any submissions you want to make, based on your
<lb n="21" TEIform="lb"/>written closing statement.  Take your own course.</p></sp>
<lb n="22" TEIform="lb"/><sp who="rrqc" TEIform="sp"><speaker TEIform="speaker">MR RAMPTON:</speaker><p TEIform="p">My Lord, before one leaves the question of this
<lb n="23" TEIform="lb"/>document, Mr Irving has, I fear not for the first time and
<lb n="24" TEIform="lb"/>I say that advisedly, actually not well represented what
<lb n="25" TEIform="lb"/>was said in court about this document.  What he actually
<lb n="26" TEIform="lb"/>said, and this is on page 126 of Monday 28th February





<pb n=".  P-15" TEIform="pb"/>




<lb n=" 1" TEIform="lb"/>which is day 26, and we are talking about this Muller
<lb n=" 2" TEIform="lb"/>document: "I would like to see either a facsimile or to
<lb n=" 3" TEIform="lb"/>know reliably where the document is".  Both those requests
<lb n=" 4" TEIform="lb"/>have been complied with.  I will still do what your
<lb n=" 5" TEIform="lb"/>Lordship asked.</p></sp>
<lb n=" 6" TEIform="lb"/><sp who="mrjg" TEIform="sp"><speaker TEIform="speaker">MR JUSTICE GRAY:</speaker><p TEIform="p">Do not let us spend too long on this but what
<lb n=" 7" TEIform="lb"/>I have noted for myself -- I may have got it wrong, I do
<lb n=" 8" TEIform="lb"/>not know -- during the course of the trial Mr Irving
<lb n=" 9" TEIform="lb"/>sought to enlist the assistance to verify the authenticity
<lb n="10" TEIform="lb"/>of the Muller document by obtaining copies of the other
<lb n="11" TEIform="lb"/>documents contained in the file of the Munich Institute of
<lb n="12" TEIform="lb"/>History where the Muller document was found.  That is what
<lb n="13" TEIform="lb"/>I believe happened at some stage but I have no idea on
<lb n="14" TEIform="lb"/>which day.</p></sp>
<lb n="15" TEIform="lb"/><sp who="djci" TEIform="sp"><speaker TEIform="speaker">MR IRVING:</speaker><p TEIform="p">My Lord, it is not only the authenticity, it is
<lb n="16" TEIform="lb"/>also the purport of the document, if I can put it like
<lb n="17" TEIform="lb"/>that.</p></sp>
<lb n="18" TEIform="lb"/><sp who="rrqc" TEIform="sp"><speaker TEIform="speaker">MR RAMPTON:</speaker><p TEIform="p">I believe your Lordship's note may not be
<lb n="19" TEIform="lb"/>precisely accurate.</p></sp>
<lb n="20" TEIform="lb"/><sp who="mrjg" TEIform="sp"><speaker TEIform="speaker">MR JUSTICE GRAY:</speaker><p TEIform="p">Can somebody track it down?</p></sp>
<lb n="21" TEIform="lb"/><sp who="rrqc" TEIform="sp"><speaker TEIform="speaker">MR RAMPTON:</speaker><p TEIform="p">I am told, I have not done it of course, that
<lb n="22" TEIform="lb"/>those around me, including Miss Rogers and my instructing
<lb n="23" TEIform="lb"/>solicitors, have searched transcripts for this last week.
<lb n="24" TEIform="lb"/>The bit I just read was the relevant bit, and Mr Irving
<lb n="25" TEIform="lb"/>said on page 128 of the same day: "I need to know the
<lb n="26" TEIform="lb"/>actual file number of course.  I need to know the correct





<pb n=".  P-16" TEIform="pb"/>




<lb n=" 1" TEIform="lb"/>file number".  Your Lordship said:  "That is fair enough,
<lb n=" 2" TEIform="lb"/>Mr Rampton.  When you have found out which file number or
<lb n=" 3" TEIform="lb"/>numbers it is in, will you pass that on to Mr Irving?"  In
<lb n=" 4" TEIform="lb"/>fact, we did a good deal more than that, because we
<lb n=" 5" TEIform="lb"/>discovered the document, as I say, in three different
<lb n=" 6" TEIform="lb"/>archives, and he has had all three copies.</p></sp>
<lb n=" 7" TEIform="lb"/><sp who="mrjg" TEIform="sp"><speaker TEIform="speaker">MR JUSTICE GRAY:</speaker><p TEIform="p">I think the passage you just read out pretty
<lb n=" 8" TEIform="lb"/>much bears out what I had in my note, if I may say so, but
<lb n=" 9" TEIform="lb"/>I think we are getting a little bit bogged down in the
<lb n="10" TEIform="lb"/>Muller document.  Yes, Mr Irving.</p></sp>
<lb n="11" TEIform="lb"/><sp who="djci" TEIform="sp"><speaker TEIform="speaker">MR IRVING:</speaker><p TEIform="p">My Lord, I have no further submissions to make,
<lb n="12" TEIform="lb"/>I do not think, unless your Lordship wishes to remind me
<lb n="13" TEIform="lb"/>of one which I ought to have made.  I think that
<lb n="14" TEIform="lb"/>everything is contained in my closing statement, which
<lb n="15" TEIform="lb"/>I intended to submit in that way.  I was going to submit
<lb n="16" TEIform="lb"/>to you the contents of bundle E, but I have now done that
<lb n="17" TEIform="lb"/>in my closing statement, and I shall now take out of that
<lb n="18" TEIform="lb"/>closing statement what your Lordship avers is of less
<lb n="19" TEIform="lb"/>relevance.</p></sp>
<lb n="20" TEIform="lb"/><sp who="mrjg" TEIform="sp"><speaker TEIform="speaker">MR JUSTICE GRAY:</speaker><p TEIform="p">I hear what you say.  My understanding was
<lb n="21" TEIform="lb"/>that, when we were discussing closing speeches, what was
<lb n="22" TEIform="lb"/>proposed was that there should be an exchange of written
<lb n="23" TEIform="lb"/>speeches, written notes of what was going to be said by
<lb n="24" TEIform="lb"/>way of speeches or closing submissions.  That date slipped
<lb n="25" TEIform="lb"/>and I totally understand why it slipped, but I had thought
<lb n="26" TEIform="lb"/>that the plan was that you would spend today, and Mr





<pb n=".  P-17" TEIform="pb"/>




<lb n=" 1" TEIform="lb"/>Rampton would spend tomorrow, elaborating on what you
<lb n=" 2" TEIform="lb"/>provided in writing.  If you do not want to, there is no
<lb n=" 3" TEIform="lb"/>reason why you should.  That is what I recall as having
<lb n=" 4" TEIform="lb"/>been the plan.  Mr Rampton, am I wrong about that?</p></sp>
<lb n=" 5" TEIform="lb"/><sp who="rrqc" TEIform="sp"><speaker TEIform="speaker">MR RAMPTON:</speaker><p TEIform="p">I think that was what I might call stage one.
<lb n=" 6" TEIform="lb"/>I think that and again I am doing it only from memory, my
<lb n=" 7" TEIform="lb"/>recollection was on the last hearing day, which date
<lb n=" 8" TEIform="lb"/>I forget, what in fact emerged or evolved is on written
<lb n=" 9" TEIform="lb"/>submissions each side would make a shorter, much shorter,
<lb n="10" TEIform="lb"/>oral submission.  I have to go first as Defendant, a
<lb n="11" TEIform="lb"/>strange procedure it is, but there it is, that is what
<lb n="12" TEIform="lb"/>happens.  I have to go first and I was given the first
<lb n="13" TEIform="lb"/>half of tomorrow and Mr Irving, I think, the second half.
<lb n="14" TEIform="lb"/>That is how I had read the transcript.</p></sp>
<lb n="15" TEIform="lb"/><sp who="djci" TEIform="sp"><speaker TEIform="speaker">MR IRVING:</speaker><p TEIform="p">That is certainly how I understood it also, my
<lb n="16" TEIform="lb"/>Lord.</p></sp>
<lb n="17" TEIform="lb"/><sp who="mrjg" TEIform="sp"><speaker TEIform="speaker">MR JUSTICE GRAY:</speaker><p TEIform="p">If you understood it that way.  I am rather
<lb n="18" TEIform="lb"/>puzzled why we have all turned up today.</p></sp>
<lb n="19" TEIform="lb"/><sp who="rrqc" TEIform="sp"><speaker TEIform="speaker">MR RAMPTON:</speaker><p TEIform="p">I agree; we thought, like your Lordship, first,
<lb n="20" TEIform="lb"/>that Mr Irving might have something to say about our long
<lb n="21" TEIform="lb"/>written submission, but I expect he has not had time to
<lb n="22" TEIform="lb"/>read it.  Second, and more particularly, there was going
<lb n="23" TEIform="lb"/>to be an oral submission about the admissibility of his
<lb n="24" TEIform="lb"/>file E, his global file.  He now says that he has made
<lb n="25" TEIform="lb"/>that, in effect, in writing.  I am quite content with that
<lb n="26" TEIform="lb"/>and probably I shall not even respond to it; Miss Rogers





<pb n=".  P-18" TEIform="pb"/>




<lb n=" 1" TEIform="lb"/>might write a note about the law.</p></sp>
<lb n=" 2" TEIform="lb"/><sp who="djci" TEIform="sp"><speaker TEIform="speaker">MR IRVING:</speaker><p TEIform="p">I think the way I have done it in the closing
<lb n=" 3" TEIform="lb"/>statement is the proper way to do it, my Lord.  That gives
<lb n=" 4" TEIform="lb"/>it the proper way and it avoids going through the very
<lb n=" 5" TEIform="lb"/>lengthy file of documents that we had.</p></sp>
<lb n=" 6" TEIform="lb"/><sp who="mrjg" TEIform="sp"><speaker TEIform="speaker">MR JUSTICE GRAY:</speaker><p TEIform="p">Just explain to me what you both thought was
<lb n=" 7" TEIform="lb"/>going to be discussed then.</p></sp>
<lb n=" 8" TEIform="lb"/><sp who="djci" TEIform="sp"><speaker TEIform="speaker">MR IRVING:</speaker><p TEIform="p">I had thought, and I am sure Mr Rampton was of the
<lb n=" 9" TEIform="lb"/>same impression, that your Lordship was going put to us
<lb n="10" TEIform="lb"/>one or two questions concerning the documents that we have
<lb n="11" TEIform="lb"/>supplied to your Lordship over the weekend, namely the
<lb n="12" TEIform="lb"/>oral statements in their then existing state.</p></sp>
<lb n="13" TEIform="lb"/><sp who="mrjg" TEIform="sp"><speaker TEIform="speaker">MR JUSTICE GRAY:</speaker><p TEIform="p">How can I put questions to you in relation to
<lb n="14" TEIform="lb"/>a document which I received from you this morning?</p></sp>
<lb n="15" TEIform="lb"/><sp who="djci" TEIform="sp"><speaker TEIform="speaker">MR IRVING:</speaker><p TEIform="p">You have certainly received the statement from
<lb n="16" TEIform="lb"/>Mr Rampton and I think both of us -- this is certainly the
<lb n="17" TEIform="lb"/>result of conversations I had with the instructing
<lb n="18" TEIform="lb"/>solicitors over the weekend -- this is what we anticipated
<lb n="19" TEIform="lb"/>would be happening today, that your Lordship would be
<lb n="20" TEIform="lb"/>clarifying final matters, dotting the remaining Is and Ts
<lb n="21" TEIform="lb"/>before we reassembled tomorrow for the oral submissions.</p></sp>
<lb n="22" TEIform="lb"/><sp who="mrjg" TEIform="sp"><speaker TEIform="speaker">MR JUSTICE GRAY:</speaker><p TEIform="p">Well, I will be measured in what I say, but
<lb n="23" TEIform="lb"/>I had expected to get a little bit of assistance really
<lb n="24" TEIform="lb"/>from both sides.  But if you are both saying that you
<lb n="25" TEIform="lb"/>stand by what you submitted to me in writing and you make
<lb n="26" TEIform="lb"/>your public statements tomorrow, which I do not think will





<pb n=".  P-19" TEIform="pb"/>




<lb n=" 1" TEIform="lb"/>help me particularly in the task that I have, well, so be
<lb n=" 2" TEIform="lb"/>it, if that is what you are both telling me.</p></sp>
<lb n=" 3" TEIform="lb"/><sp who="rrqc" TEIform="sp"><speaker TEIform="speaker">MR RAMPTON:</speaker><p TEIform="p">That is my understanding of what was to happen.
<lb n=" 4" TEIform="lb"/>I had suggested to your Lordship, and I believe your
<lb n=" 5" TEIform="lb"/>Lordship agreed, that this was a peculiar case, and I do
<lb n=" 6" TEIform="lb"/>not mean that in any sinister way, but it is a case which
<lb n=" 7" TEIform="lb"/>has some peculiar public importance, legitimate public
<lb n=" 8" TEIform="lb"/>importance.  Your Lordship took the view, and I believe
<lb n=" 9" TEIform="lb"/>rightly, that there should be, unusually for a case tried
<lb n="10" TEIform="lb"/>by judge alone, a degree of oral statement at the end of
<lb n="11" TEIform="lb"/>the case.</p>
<lb n="12" TEIform="lb"/><p TEIform="p">My recollection is -- somebody is trying to find
<lb n="13" TEIform="lb"/>the transcript of day 30 -- that one of the things that
<lb n="14" TEIform="lb"/>was raised when we returned to court on that day, which
<lb n="15" TEIform="lb"/>I think was probably a Monday, was this question of how
<lb n="16" TEIform="lb"/>those oral submissions should be structured.  I think what
<lb n="17" TEIform="lb"/>happened was that your Lordship said either yesterday or
<lb n="18" TEIform="lb"/>today there should be any submissions made, if there were
<lb n="19" TEIform="lb"/>any, about the long written submissions which your
<lb n="20" TEIform="lb"/>Lordship already has.</p></sp>
<lb n="21" TEIform="lb"/><sp who="mrjg" TEIform="sp"><speaker TEIform="speaker">MR JUSTICE GRAY:</speaker><p TEIform="p">Yes.</p></sp>
<lb n="22" TEIform="lb"/><sp who="rrqc" TEIform="sp"><speaker TEIform="speaker">MR RAMPTON:</speaker><p TEIform="p">And that on Wednesday the day would be shared with
<lb n="23" TEIform="lb"/>the much shorter oral summaries.</p></sp>
<lb n="24" TEIform="lb"/><sp who="mrjg" TEIform="sp"><speaker TEIform="speaker">MR JUSTICE GRAY:</speaker><p TEIform="p">That bit I have no problem with.  I took
<lb n="25" TEIform="lb"/>the view that was an appropriate course to take in the
<lb n="26" TEIform="lb"/>unusual circumstances of this case.  I am really thinking





<pb n=".  P-20" TEIform="pb"/>




<lb n=" 1" TEIform="lb"/>more now about what I had got the impression was going to
<lb n=" 2" TEIform="lb"/>happen, either today or, indeed, yesterday or perhaps part
<lb n=" 3" TEIform="lb"/>of tomorrow, which is perhaps some assistance, oral
<lb n=" 4" TEIform="lb"/>assistance, in relation to the issues which I have got to
<lb n=" 5" TEIform="lb"/>decide, but I, obviously, had misunderstood what you both
<lb n=" 6" TEIform="lb"/>had in mind.</p></sp>
<lb n=" 7" TEIform="lb"/><sp who="djci" TEIform="sp"><speaker TEIform="speaker">MR IRVING:</speaker><p TEIform="p">My Lord, I make such submissions in the opening
<lb n=" 8" TEIform="lb"/>paragraphs or opening pages of my closing statement, the
<lb n=" 9" TEIform="lb"/>kind of way that I believe your Lordship should think.</p></sp>
<lb n="10" TEIform="lb"/><sp who="mrjg" TEIform="sp"><speaker TEIform="speaker">MR JUSTICE GRAY:</speaker><p TEIform="p">Let me explain why I am a bit unhappy about
<lb n="11" TEIform="lb"/>this.  Just to take an example at random, and this is at
<lb n="12" TEIform="lb"/>random, Goebbels diary entry for 22nd November 1941 --
<lb n="13" TEIform="lb"/>Mr Irving, this is from your submissions -- well, you make
<lb n="14" TEIform="lb"/>your case in two paragraphs about that.  Well, that is
<lb n="15" TEIform="lb"/>fine if that is where you want to leave it.</p></sp>
<lb n="16" TEIform="lb"/><sp who="djci" TEIform="sp"><speaker TEIform="speaker">MR IRVING:</speaker><p TEIform="p">My Lord, your Lordship will ----</p></sp>
<lb n="17" TEIform="lb"/><sp who="mrjg" TEIform="sp"><speaker TEIform="speaker">MR JUSTICE GRAY:</speaker><p TEIform="p">I am just bit a surprised.</p></sp>
<lb n="18" TEIform="lb"/><sp who="djci" TEIform="sp"><speaker TEIform="speaker">MR IRVING:</speaker><p TEIform="p">Your Lordship will find that on several of the
<lb n="19" TEIform="lb"/>issues that your Lordship included in your list I have
<lb n="20" TEIform="lb"/>made no submission whatever because I am confident to rest
<lb n="21" TEIform="lb"/>on what I stated in the witness stand.  There has been
<lb n="22" TEIform="lb"/>enough paper generated by this case already, and I do not
<lb n="23" TEIform="lb"/>think your Lordship will pay overmuch attention to them.</p></sp>
<lb n="24" TEIform="lb"/><sp who="mrjg" TEIform="sp"><speaker TEIform="speaker">MR JUSTICE GRAY:</speaker><p TEIform="p">Well...</p></sp>
<lb n="25" TEIform="lb"/><sp who="djci" TEIform="sp"><speaker TEIform="speaker">MR IRVING:</speaker><p TEIform="p">In that particular entry that your Lordship is
<lb n="26" TEIform="lb"/>referring to, I think I brought out the salient points.</p></sp>





<pb n=".  P-21" TEIform="pb"/>




<lb n=" 1" TEIform="lb"/><sp who="rrqc" TEIform="sp"><speaker TEIform="speaker">MR RAMPTON:</speaker><p TEIform="p">So far as we are concerned, my Lord, we delivered
<lb n=" 2" TEIform="lb"/>to your Lordship, I think, I hope reasonably early
<lb n=" 3" TEIform="lb"/>yesterday morning, 9/10ths of what we had written.  It is
<lb n=" 4" TEIform="lb"/>although bulky for somebody who has a familiarity with the
<lb n=" 5" TEIform="lb"/>case such as your Lordship, it does not actually take very
<lb n=" 6" TEIform="lb"/>long to read.</p></sp>
<lb n=" 7" TEIform="lb"/><sp who="mrjg" TEIform="sp"><speaker TEIform="speaker">MR JUSTICE GRAY:</speaker><p TEIform="p">No, I have read it.</p></sp>
<lb n=" 8" TEIform="lb"/><sp who="rrqc" TEIform="sp"><speaker TEIform="speaker">MR RAMPTON:</speaker><p TEIform="p">Good.  Now there are some few additional pages.</p></sp>
<lb n=" 9" TEIform="lb"/><sp who="mrjg" TEIform="sp"><speaker TEIform="speaker">MR JUSTICE GRAY:</speaker><p TEIform="p">Those I have not read because they only
<lb n="10" TEIform="lb"/>arrived this morning.</p></sp>
<lb n="11" TEIform="lb"/><sp who="rrqc" TEIform="sp"><speaker TEIform="speaker">MR RAMPTON:</speaker><p TEIform="p">What we have done is to follow as faithfully as
<lb n="12" TEIform="lb"/>possible the written scheme which your Lordship drafted
<lb n="13" TEIform="lb"/>and, as also your Lordship indicated we should, we have at
<lb n="14" TEIform="lb"/>the beginning of each section written an introductory
<lb n="15" TEIform="lb"/>passage in most cases.</p>
<lb n="16" TEIform="lb"/><p TEIform="p">I have no comment to make about what we have
<lb n="17" TEIform="lb"/>said, I hardly could since I am one of the principal
<lb n="18" TEIform="lb"/>authors of it.  Unless it is unclear or wrong, I would not
<lb n="19" TEIform="lb"/>at this stage expect to have to say anything more about
<lb n="20" TEIform="lb"/>it.  I had supposed that it was possible that either your
<lb n="21" TEIform="lb"/>Lordship or Mr Irving might have some questions or some
<lb n="22" TEIform="lb"/>objections to some part of it.  If not, then I have
<lb n="23" TEIform="lb"/>nothing more to say about it.  I have not anything at all
<lb n="24" TEIform="lb"/>to say about Mr Irving's submission (a) because we did not
<lb n="25" TEIform="lb"/>have the whole of it when it arrived, I do not know when,
<lb n="26" TEIform="lb"/>last night or early this morning, I do not know, and we





<pb n=".  P-22" TEIform="pb"/>




<lb n=" 1" TEIform="lb"/>did not have the whole of it, and (b) I have not read it
<lb n=" 2" TEIform="lb"/>in any way because I have not had time.  We still have not
<lb n=" 3" TEIform="lb"/>got the whole of it, no.</p></sp>
<lb n=" 4" TEIform="lb"/><sp who="mrjg" TEIform="sp"><speaker TEIform="speaker">MR JUSTICE GRAY:</speaker><p TEIform="p">Well, let us not waste more time.  Both sides
<lb n=" 5" TEIform="lb"/>are taking the position they do not want to add anything
<lb n=" 6" TEIform="lb"/>to what they have submitted in writing and they do not
<lb n=" 7" TEIform="lb"/>want to say anything about the other side's submission.</p></sp>
<lb n=" 8" TEIform="lb"/><sp who="rrqc" TEIform="sp"><speaker TEIform="speaker">MR RAMPTON:</speaker><p TEIform="p">All that I shall do tomorrow is summarize, in
<lb n=" 9" TEIform="lb"/>effect, and largely not for your Lordship, obviously, for
<lb n="10" TEIform="lb"/>the wider public the effect of this fat file because I do
<lb n="11" TEIform="lb"/>not suppose for a moment that everybody who might be
<lb n="12" TEIform="lb"/>interested is going to read that.</p></sp>
<lb n="13" TEIform="lb"/><sp who="djci" TEIform="sp"><speaker TEIform="speaker">MR IRVING:</speaker><p TEIform="p">My Lord, I was going by past experience when
<lb n="14" TEIform="lb"/>I prepared this.  In 1970, the action I was involved in
<lb n="15" TEIform="lb"/>then, Mr David Hurst made his learned submissions to the
<lb n="16" TEIform="lb"/>court in his closing speeches which lasted two or three
<lb n="17" TEIform="lb"/>hours then Mr Colin Duncan replied on my behalf.</p></sp>
<lb n="18" TEIform="lb"/><sp who="mrjg" TEIform="sp"><speaker TEIform="speaker">MR JUSTICE GRAY:</speaker><p TEIform="p">If I may say so, that was rather different.
<lb n="19" TEIform="lb"/>That was a jury action, as I remember, and nobody had to
<lb n="20" TEIform="lb"/>make a reasoned judgment at the end of it.</p>
<lb n="21" TEIform="lb"/><p TEIform="p">Well, that concludes today's business and I do
<lb n="22" TEIform="lb"/>apologise to the members of public who came perhaps
<lb n="23" TEIform="lb"/>expecting they were going to listen to something today,
<lb n="24" TEIform="lb"/>but that is my expectation too and we were all wrong.</p></sp>
<lb n="25" TEIform="lb"/><sp who="rrqc" TEIform="sp"><speaker TEIform="speaker">MR RAMPTON:</speaker><p TEIform="p">We had tried to deal with that.  I think, in fact,
<lb n="26" TEIform="lb"/>Miss Rogers explained this to your Lordship's clerk, and





<pb n=".  P-23" TEIform="pb"/>




<lb n=" 1" TEIform="lb"/>I am not blaming him if it did not get through at all.  We
<lb n=" 2" TEIform="lb"/>had realized that today might be a non-event which,
<lb n=" 3" TEIform="lb"/>largely speaking, it has proved to be, and we knew that,
<lb n=" 4" TEIform="lb"/>as one might say, the big event was going to be tomorrow,
<lb n=" 5" TEIform="lb"/>so what we did was we actually put out a press release,
<lb n=" 6" TEIform="lb"/>not only in this country, but in America, in the hope that
<lb n=" 7" TEIform="lb"/>people would be deterred from coming today and would know
<lb n=" 8" TEIform="lb"/>that tomorrow was the right day to attend.</p></sp>
<lb n=" 9" TEIform="lb"/><sp who="mrjg" TEIform="sp"><speaker TEIform="speaker">MR JUSTICE GRAY:</speaker><p TEIform="p">I remember the problem about having to revise
<lb n="10" TEIform="lb"/>the date when you were going to make your, as it were,
<lb n="11" TEIform="lb"/>public statements, if I can call them that.  The message
<lb n="12" TEIform="lb"/>that I am afraid I certainly had not received was that
<lb n="13" TEIform="lb"/>today was going to be a non-event because there were not
<lb n="14" TEIform="lb"/>going to be any final speeches on either side for my
<lb n="15" TEIform="lb"/>benefit as opposed for public consumption.  I am really
<lb n="16" TEIform="lb"/>surprised, I am bound to say, but there we are.</p></sp>
<lb n="17" TEIform="lb"/><sp who="rrqc" TEIform="sp"><speaker TEIform="speaker">MR RAMPTON:</speaker><p TEIform="p">I would have had something, might have had
<lb n="18" TEIform="lb"/>something, to say about Mr Irving's written submission had
<lb n="19" TEIform="lb"/>I had it in time and had I read it.  I do not know.  It
<lb n="20" TEIform="lb"/>may be that when we have read it, we may have something to
<lb n="21" TEIform="lb"/>say.  I rather doubt it.  Mr Irving has had the
<lb n="22" TEIform="lb"/>opportunity of going through what we have written.
<lb n="23" TEIform="lb"/>Apparently, he has nothing to say about it at this stage.</p></sp>
<lb n="24" TEIform="lb"/><sp who="djci" TEIform="sp"><speaker TEIform="speaker">MR IRVING:</speaker><p TEIform="p">I opened it here in the courtroom this morning.  My
<lb n="25" TEIform="lb"/>Lord, can I ask one technical question?  Would it assist
<lb n="26" TEIform="lb"/>your Lordship if I provided my closing statement on disk?</p></sp>





<pb n=".  P-24" TEIform="pb"/>




<lb n=" 1" TEIform="lb"/><sp who="mrjg" TEIform="sp"><speaker TEIform="speaker">MR JUSTICE GRAY:</speaker><p TEIform="p">No, I think I am very happy with it in hard
<lb n=" 2" TEIform="lb"/>copy.  Thank you very much.</p></sp>
<lb n=" 3" TEIform="lb"/><sp who="djci" TEIform="sp"><speaker TEIform="speaker">MR IRVING:</speaker><p TEIform="p">If the order of events was different, I would be
<lb n=" 4" TEIform="lb"/>quite happy to have started with my closing speech today,
<lb n=" 5" TEIform="lb"/>but the order of events is that the Defendant has the
<lb n=" 6" TEIform="lb"/>word, the penultimate word, and I do not think probably we
<lb n=" 7" TEIform="lb"/>should disturb that.</p></sp>
<lb n=" 8" TEIform="lb"/><sp who="rrqc" TEIform="sp"><speaker TEIform="speaker">MR RAMPTON:</speaker><p TEIform="p">The only other thing which I can add, which might
<lb n=" 9" TEIform="lb"/>be helpful, is that Miss Rogers says, and she must be
<lb n="10" TEIform="lb"/>believed, that, if your Lordship has any difficulty
<lb n="11" TEIform="lb"/>finding any of the references, ours is, I think, now fully
<lb n="12" TEIform="lb"/>referenced and should not a problem, but one knows how it
<lb n="13" TEIform="lb"/>is.  Documents do disappear, it is a fact of life.  Or,
<lb n="14" TEIform="lb"/>more particularly perhaps, if a document is referred to in
<lb n="15" TEIform="lb"/>Mr Irving's closing submission, we will give every
<lb n="16" TEIform="lb"/>assistance to your Lordship in trying to find them during
<lb n="17" TEIform="lb"/>the course of today.</p></sp>
<lb n="18" TEIform="lb"/><sp who="mrjg" TEIform="sp"><speaker TEIform="speaker">MR JUSTICE GRAY:</speaker><p TEIform="p">Yes.  I do not know what you say in some of
<lb n="19" TEIform="lb"/>your sections, but one particular aspect which I think I
<lb n="20" TEIform="lb"/>did mention I thought was important and required thought,
<lb n="21" TEIform="lb"/>and I certainly had hoped to have some assistance in
<lb n="22" TEIform="lb"/>relation to it, was what I think in the end we called
<lb n="23" TEIform="lb"/>assessing Mr Irving as an historian.  I do not what you
<lb n="24" TEIform="lb"/>say in that section, but I think I noticed there is not a
<lb n="25" TEIform="lb"/>section at all.  You said nothing on that.</p></sp>
<lb n="26" TEIform="lb"/><sp who="rrqc" TEIform="sp"><speaker TEIform="speaker">MR RAMPTON:</speaker><p TEIform="p">I cannot remember which section it is.  In fact,





<pb n=".  P-25" TEIform="pb"/>




<lb n=" 1" TEIform="lb"/>section 9 is, I think, about eleven pages long.</p></sp>
<lb n=" 2" TEIform="lb"/><sp who="mrjg" TEIform="sp"><speaker TEIform="speaker">MR JUSTICE GRAY:</speaker><p TEIform="p">I do not seem to have got it.  I may well
<lb n=" 3" TEIform="lb"/>have put it in the wrong place.</p></sp>
<lb n=" 4" TEIform="lb"/><sp who="rrqc" TEIform="sp"><speaker TEIform="speaker">MR RAMPTON:</speaker><p TEIform="p">It is eleven pages of single spaced typescript.</p></sp>
<lb n=" 5" TEIform="lb"/><sp who="mrjg" TEIform="sp"><speaker TEIform="speaker">MR JUSTICE GRAY:</speaker><p TEIform="p">No, I do not have it.</p></sp>
<lb n=" 6" TEIform="lb"/><sp who="rrqc" TEIform="sp"><speaker TEIform="speaker">MR RAMPTON:</speaker><p TEIform="p">Here is another copy.</p></sp>
<lb n=" 7" TEIform="lb"/><sp who="mrjg" TEIform="sp"><speaker TEIform="speaker">MR JUSTICE GRAY:</speaker><p TEIform="p">It was not handed in this morning.</p></sp>
<lb n=" 8" TEIform="lb"/><sp who="rrqc" TEIform="sp"><speaker TEIform="speaker">MR RAMPTON:</speaker><p TEIform="p">Again, it follows the scheme of the relevant
<lb n=" 9" TEIform="lb"/>paragraph in the written skeleton.</p></sp>
<lb n="10" TEIform="lb"/><sp who="mrjg" TEIform="sp"><speaker TEIform="speaker">MR JUSTICE GRAY:</speaker><p TEIform="p">I cannot really claim to make sense of that,
<lb n="11" TEIform="lb"/>just seeing it now.</p></sp>
<lb n="12" TEIform="lb"/><sp who="rrqc" TEIform="sp"><speaker TEIform="speaker">MR RAMPTON:</speaker><p TEIform="p">No, of course not.  It is a late section in the
<lb n="13" TEIform="lb"/>submission, and it needs to be read in the light of
<lb n="14" TEIform="lb"/>everything that has gone before, particularly section 1 of
<lb n="15" TEIform="lb"/>paragraph 5, the historiography section, but also, of
<lb n="16" TEIform="lb"/>course, the Auschwitz section.</p></sp>
<lb n="17" TEIform="lb"/><sp who="mrjg" TEIform="sp"><speaker TEIform="speaker">MR JUSTICE GRAY:</speaker><p TEIform="p">Yes.</p></sp>
<lb n="18" TEIform="lb"/><sp who="djci" TEIform="sp"><speaker TEIform="speaker">MR IRVING:</speaker><p TEIform="p">One other point I am unclear about is precisely
<lb n="19" TEIform="lb"/>which matters the Defendants are now claiming protection
<lb n="20" TEIform="lb"/>of section 5 over.</p></sp>
<lb n="21" TEIform="lb"/><sp who="mrjg" TEIform="sp"><speaker TEIform="speaker">MR JUSTICE GRAY:</speaker><p TEIform="p">As to that, again, if we are not having oral
<lb n="22" TEIform="lb"/>argument, it is only right that you should know how I was
<lb n="23" TEIform="lb"/>intending to approach it.  This would normally be
<lb n="24" TEIform="lb"/>ventilated in the course of submissions.  Effectively, it
<lb n="25" TEIform="lb"/>is really for me to decide and evaluate the seriousness of
<lb n="26" TEIform="lb"/>the various imputations against you.</p></sp>





<pb n=".  P-26" TEIform="pb"/>




<lb n=" 1" TEIform="lb"/><sp who="djci" TEIform="sp"><speaker TEIform="speaker">MR IRVING:</speaker><p TEIform="p">Whether section 5 applies?</p></sp>
<lb n=" 2" TEIform="lb"/><sp who="mrjg" TEIform="sp"><speaker TEIform="speaker">MR JUSTICE GRAY:</speaker><p TEIform="p">Yes.  I think you understand the way section
<lb n=" 3" TEIform="lb"/>5 works, and to the extent that there may be unproven some
<lb n=" 4" TEIform="lb"/>relatively minor imputation against you, then it may be
<lb n=" 5" TEIform="lb"/>that I would invoke section 5 and say, the fact that that
<lb n=" 6" TEIform="lb"/>particular imputation has not been proved by the
<lb n=" 7" TEIform="lb"/>Defendants is not going to mean that their defence of
<lb n=" 8" TEIform="lb"/>justification as a whole fails.</p></sp>
<lb n=" 9" TEIform="lb"/><sp who="djci" TEIform="sp"><speaker TEIform="speaker">MR IRVING:</speaker><p TEIform="p">But some matters appear to have been left in limbo
<lb n="10" TEIform="lb"/>like, for example, the question of whether there was a
<lb n="11" TEIform="lb"/>breach of agreement over the Goebbels diaries in Moscow.</p></sp>
<lb n="12" TEIform="lb"/><sp who="rrqc" TEIform="sp"><speaker TEIform="speaker">MR RAMPTON:</speaker><p TEIform="p">No, it is not in limbo at all.  It is treated
<lb n="13" TEIform="lb"/>fully in the Moscow section.  Our conclusion about section
<lb n="14" TEIform="lb"/>5 is that it is no application in this case because
<lb n="15" TEIform="lb"/>everything that Professor Lipstadt wrote is true in
<lb n="16" TEIform="lb"/>substance.</p></sp>
<lb n="17" TEIform="lb"/><sp who="mrjg" TEIform="sp"><speaker TEIform="speaker">MR JUSTICE GRAY:</speaker><p TEIform="p">Quite, but one has to cater for the
<lb n="18" TEIform="lb"/>possibility. I think we either do have closing submissions
<lb n="19" TEIform="lb"/>or we do not.  I think just having odd thoughts being
<lb n="20" TEIform="lb"/>canvassed is just not the way to go about it.  I am making
<lb n="21" TEIform="lb"/>every allowance, Mr Irving, for the fact that you are a
<lb n="22" TEIform="lb"/>litigant in person.</p></sp>
<lb n="23" TEIform="lb"/><sp who="djci" TEIform="sp"><speaker TEIform="speaker">MR IRVING:</speaker><p TEIform="p">Totally ignorant of the law, yes.</p></sp>
<lb n="24" TEIform="lb"/><sp who="mrjg" TEIform="sp"><speaker TEIform="speaker">MR JUSTICE GRAY:</speaker><p TEIform="p">You have the opportunity to address me on
<lb n="25" TEIform="lb"/>whatever you wish to address me on.  I do not know whether
<lb n="26" TEIform="lb"/>you have had the chance to absorb what the Defendants have





<pb n=".  P-27" TEIform="pb"/>




<lb n=" 1" TEIform="lb"/>said in their closing submissions.  If you want to do it,
<lb n=" 2" TEIform="lb"/>I think now is the opportunity to do it.</p></sp>
<lb n=" 3" TEIform="lb"/><sp who="djci" TEIform="sp"><speaker TEIform="speaker">MR IRVING:</speaker><p TEIform="p">Mr Rampton says that he is not pleading section 5
<lb n=" 4" TEIform="lb"/>on any of the issues in their pleadings of course, in
<lb n=" 5" TEIform="lb"/>their defence, that is.</p></sp>
<lb n=" 6" TEIform="lb"/><sp who="rrqc" TEIform="sp"><speaker TEIform="speaker">MR RAMPTON:</speaker><p TEIform="p">I do not say that.  What I say is that we do not
<lb n=" 7" TEIform="lb"/>believe that it has any application, because everything we
<lb n=" 8" TEIform="lb"/>said is substantially true.  That does not mean that, if
<lb n=" 9" TEIform="lb"/>your Lordship does not agree with that, section 5 may not
<lb n="10" TEIform="lb"/>need to be applied.</p></sp>
<lb n="11" TEIform="lb"/><sp who="djci" TEIform="sp"><speaker TEIform="speaker">MR IRVING:</speaker><p TEIform="p">They withdrew the Moscow witnesses and their expert
<lb n="12" TEIform="lb"/>reports and the documents that went with them.  They have
<lb n="13" TEIform="lb"/>adduced no evidence whatsoever in justification of the
<lb n="14" TEIform="lb"/>allegation that I breached the agreement in the Moscow
<lb n="15" TEIform="lb"/>diaries therefore, and I cannot see therefore ----</p></sp>
<lb n="16" TEIform="lb"/><sp who="mrjg" TEIform="sp"><speaker TEIform="speaker">MR JUSTICE GRAY:</speaker><p TEIform="p">I am in the difficulty that I have to admit
<lb n="17" TEIform="lb"/>that I have not got as far in the Defendants' submissions
<lb n="18" TEIform="lb"/>as the Moscow section, so I do not know, because I had
<lb n="19" TEIform="lb"/>expected that I was going to be taken through the
<lb n="20" TEIform="lb"/>submissions this morning or today.</p></sp>
<lb n="21" TEIform="lb"/><sp who="djci" TEIform="sp"><speaker TEIform="speaker">MR IRVING:</speaker><p TEIform="p">My Lord, I have dealt ----</p></sp>
<lb n="22" TEIform="lb"/><sp who="mrjg" TEIform="sp"><speaker TEIform="speaker">MR JUSTICE GRAY:</speaker><p TEIform="p">So I cannot help you on that.</p></sp>
<lb n="23" TEIform="lb"/><sp who="djci" TEIform="sp"><speaker TEIform="speaker">MR IRVING:</speaker><p TEIform="p">I dealt, probably quite improperly then, with the
<lb n="24" TEIform="lb"/>matter in my closing submissions where I dealt with the
<lb n="25" TEIform="lb"/>allegations about the Hamas and Hisbollah and Farakan and
<lb n="26" TEIform="lb"/>Pramyat in three or four pages in fact of my closing





<pb n=".  P-28" TEIform="pb"/>




<lb n=" 1" TEIform="lb"/>statement and strongly suggested that section 5 should not
<lb n=" 2" TEIform="lb"/>apply.</p></sp>
<lb n=" 3" TEIform="lb"/><sp who="mrjg" TEIform="sp"><speaker TEIform="speaker">MR JUSTICE GRAY:</speaker><p TEIform="p">Mr Rampton has not really addressed that
<lb n=" 4" TEIform="lb"/>point, but I am well aware there is a great deal in
<lb n=" 5" TEIform="lb"/>Professor Lipstadt's references to you in her book
<lb n=" 6" TEIform="lb"/>which have not been sought to be justified at all.</p></sp>
<lb n=" 7" TEIform="lb"/><sp who="djci" TEIform="sp"><speaker TEIform="speaker">MR IRVING:</speaker><p TEIform="p">Yes.</p></sp>
<lb n=" 8" TEIform="lb"/><sp who="mrjg" TEIform="sp"><speaker TEIform="speaker">MR JUSTICE GRAY:</speaker><p TEIform="p">So it seems to me that section 5 has got to
<lb n=" 9" TEIform="lb"/>play some part, whether it avails the defendants is
<lb n="10" TEIform="lb"/>something that I will have decide.</p></sp>
<lb n="11" TEIform="lb"/><sp who="djci" TEIform="sp"><speaker TEIform="speaker">MR IRVING:</speaker><p TEIform="p">The allegation that I sit in my office beneath a
<lb n="12" TEIform="lb"/>portrait of Adolf Hitler and that kind of thing, for which
<lb n="13" TEIform="lb"/>again they have pleaded no justification, which will
<lb n="14" TEIform="lb"/>certainly go to my seriousness as a historian.  I was
<lb n="15" TEIform="lb"/>hoping that we were going to obtain some definitive list
<lb n="16" TEIform="lb"/>from the Defendants of what they do intend to put in that
<lb n="17" TEIform="lb"/>particular sand bucket.</p></sp>
<lb n="18" TEIform="lb"/><sp who="mrjg" TEIform="sp"><speaker TEIform="speaker">MR JUSTICE GRAY:</speaker><p TEIform="p">They are entitled to say, we say everything
<lb n="19" TEIform="lb"/>is true, full stop.  As I understand Mr Rampton, that is
<lb n="20" TEIform="lb"/>the way it is put in the written submissions, but I think
<lb n="21" TEIform="lb"/>I have to approach it on the basis that section 5 is
<lb n="22" TEIform="lb"/>pleaded and it is there if the defendants need it.</p></sp>
<lb n="23" TEIform="lb"/><sp who="rrqc" TEIform="sp"><speaker TEIform="speaker">MR RAMPTON:</speaker><p TEIform="p">Then, my Lord, it is up to the Plaintiff, the
<lb n="24" TEIform="lb"/>Claimant, to point to those -- I do not mean in any sense
<lb n="25" TEIform="lb"/>that it is a great deal -- few parts of what Professor
<lb n="26" TEIform="lb"/>Lipstadt wrote, specific parts, that the Defendants have





<pb n=".  P-29" TEIform="pb"/>




<lb n=" 1" TEIform="lb"/>not sought specifically to justify, and to say those parts
<lb n=" 2" TEIform="lb"/>are outside section 5 because they are so serious; what is
<lb n=" 3" TEIform="lb"/>more, I am entitled to damages for them because they are
<lb n=" 4" TEIform="lb"/>distinct and severable allegations and not part of a
<lb n=" 5" TEIform="lb"/>common sting.</p></sp>
<lb n=" 6" TEIform="lb"/><sp who="mrjg" TEIform="sp"><speaker TEIform="speaker">MR JUSTICE GRAY:</speaker><p TEIform="p">I think, to be fair, from what I have read of
<lb n=" 7" TEIform="lb"/>Mr Irving's closing statement, he makes very clear what he
<lb n=" 8" TEIform="lb"/>says has not been proven by the Defendants.</p></sp>
<lb n=" 9" TEIform="lb"/><sp who="djci" TEIform="sp"><speaker TEIform="speaker">MR IRVING:</speaker><p TEIform="p">Round about page 5 onwards.</p></sp>
<lb n="10" TEIform="lb"/><sp who="mrjg" TEIform="sp"><speaker TEIform="speaker">MR JUSTICE GRAY:</speaker><p TEIform="p">He does not perhaps dot the I by saying, "and
<lb n="11" TEIform="lb"/>that is a severable allegation, which means that, it not
<lb n="12" TEIform="lb"/>having been justified, I am entitled to damages", but that
<lb n="13" TEIform="lb"/>is the thrust of the way he puts it, as I understand it.</p></sp>
<lb n="14" TEIform="lb"/><sp who="djci" TEIform="sp"><speaker TEIform="speaker">MR IRVING:</speaker><p TEIform="p">I did look at Gatley last night on the severable
<lb n="15" TEIform="lb"/>allegation aspect of it and I am not sure that that is
<lb n="16" TEIform="lb"/>relevant in this particular matter.  I tried to work it in
<lb n="17" TEIform="lb"/>but I found that I could not.</p></sp>
<lb n="18" TEIform="lb"/><sp who="mrjg" TEIform="sp"><speaker TEIform="speaker">MR JUSTICE GRAY:</speaker><p TEIform="p">Whether it is severable or not?</p></sp>
<lb n="19" TEIform="lb"/><sp who="djci" TEIform="sp"><speaker TEIform="speaker">MR IRVING:</speaker><p TEIform="p">Whether it is severable or not.</p></sp>
<lb n="20" TEIform="lb"/><sp who="mrjg" TEIform="sp"><speaker TEIform="speaker">MR JUSTICE GRAY:</speaker><p TEIform="p">There may be something in that.  I really do
<lb n="21" TEIform="lb"/>not, if I may say so, think that this is a satisfactory
<lb n="22" TEIform="lb"/>way of dealing with it.</p></sp>
<lb n="23" TEIform="lb"/><sp who="djci" TEIform="sp"><speaker TEIform="speaker">MR IRVING:</speaker><p TEIform="p">Not in my closing submissions?</p></sp>
<lb n="24" TEIform="lb"/><sp who="mrjg" TEIform="sp"><speaker TEIform="speaker">MR JUSTICE GRAY:</speaker><p TEIform="p">If you want to make a closing speech and make
<lb n="25" TEIform="lb"/>whatever points you like, then of course please do so,
<lb n="26" TEIform="lb"/>Mr Irving, and then Mr Rampton can separately reply to





<pb n=".  P-30" TEIform="pb"/>




<lb n=" 1" TEIform="lb"/>those submissions, rather than having odd points batted
<lb n=" 2" TEIform="lb"/>around, because it is becoming unstructured and completely
<lb n=" 3" TEIform="lb"/>unhelpful.</p></sp>
<lb n=" 4" TEIform="lb"/><sp who="djci" TEIform="sp"><speaker TEIform="speaker">MR IRVING:</speaker><p TEIform="p">May I therefore now put to the court by way
<lb n=" 5" TEIform="lb"/>submission the pages of this relating to Pamyat and
<lb n=" 6" TEIform="lb"/>Hisbollah and those allegations?</p></sp>
<lb n=" 7" TEIform="lb"/><sp who="rrqc" TEIform="sp"><speaker TEIform="speaker">MR RAMPTON:</speaker><p TEIform="p">I really find this very difficult.  I have not had
<lb n=" 8" TEIform="lb"/>Mr Irving's submission long enough even to have had time
<lb n=" 9" TEIform="lb"/>to look at it.  If I had had, I might have had something
<lb n="10" TEIform="lb"/>to say about it.  It is as simple as that.  I do not think
<lb n="11" TEIform="lb"/>at this stage in the case it is satisfactory.  I am
<lb n="12" TEIform="lb"/>leaving aside entirely the inconvenience to your
<lb n="13" TEIform="lb"/>Lordship.  It is not satisfactory to the other party that
<lb n="14" TEIform="lb"/>the Claimant should suddenly stand up and make a row of
<lb n="15" TEIform="lb"/>oral submissions.</p></sp>
<lb n="16" TEIform="lb"/><sp who="djci" TEIform="sp"><speaker TEIform="speaker">MR IRVING:</speaker><p TEIform="p">My Lord this submission is --</p></sp>
<lb n="17" TEIform="lb"/><sp who="rrqc" TEIform="sp"><speaker TEIform="speaker">MR RAMPTON:</speaker><p TEIform="p">I am sorry, Mr Irving.  If Mr Irving has serious
<lb n="18" TEIform="lb"/>submissions of fact and law to make about the defence and
<lb n="19" TEIform="lb"/>the way in which it is presented, then we should have them
<lb n="20" TEIform="lb"/>in writing and in time to respond to them.  We have not
<lb n="21" TEIform="lb"/>had that opportunity.</p></sp>
<lb n="22" TEIform="lb"/><sp who="mrjg" TEIform="sp"><speaker TEIform="speaker">MR JUSTICE GRAY:</speaker><p TEIform="p">Mr Rampton, I am sorry, I had expected that
<lb n="23" TEIform="lb"/>today you would be making your submissions, and you do not
<lb n="24" TEIform="lb"/>want to make them.</p></sp>
<lb n="25" TEIform="lb"/><sp who="rrqc" TEIform="sp"><speaker TEIform="speaker">MR RAMPTON:</speaker><p TEIform="p">But they are all in here, both of law and of fact,
<lb n="26" TEIform="lb"/>in seriatim and in detail.  I have nothing to add to what





<pb n=".  P-31" TEIform="pb"/>




<lb n=" 1" TEIform="lb"/>I wrote.</p></sp>
<lb n=" 2" TEIform="lb"/><sp who="mrjg" TEIform="sp"><speaker TEIform="speaker">MR JUSTICE GRAY:</speaker><p TEIform="p">Very well.  Subject to either of you, I think
<lb n=" 3" TEIform="lb"/>I will adjourn now and we will resume tomorrow, but
<lb n=" 4" TEIform="lb"/>I would like to be absolutely clear in my own mind,
<lb n=" 5" TEIform="lb"/>because there seems to have been some confusion about
<lb n=" 6" TEIform="lb"/>today, what it is that is proposed to be done tomorrow.
<lb n=" 7" TEIform="lb"/>Are we just having statements for public consumption?  If
<lb n=" 8" TEIform="lb"/>so, how long is each side likely to take and is there
<lb n=" 9" TEIform="lb"/>going to be anything else dealt with tomorrow?</p></sp>
<lb n="10" TEIform="lb"/><sp who="rrqc" TEIform="sp"><speaker TEIform="speaker">MR RAMPTON:</speaker><p TEIform="p">No.  I have no present intention and, if I should
<lb n="11" TEIform="lb"/>be prompted to change that, of course, I will tell your
<lb n="12" TEIform="lb"/>Lordship.  I have no present intention of making any
<lb n="13" TEIform="lb"/>submissions on the facts or the law that are not contained
<lb n="14" TEIform="lb"/>in this file.  I therefore intend, with your Lordship's
<lb n="15" TEIform="lb"/>permission, to make a relatively short, maybe an hour and
<lb n="16" TEIform="lb"/>a half, two hour statement, setting out in summary what
<lb n="17" TEIform="lb"/>the Defendants' case is to show that what Professor
<lb n="18" TEIform="lb"/>Lipstadt wrote and Penguin published was in substance true
<lb n="19" TEIform="lb"/>in every single respect.  That includes, for example, the
<lb n="20" TEIform="lb"/>Hitler portrait, which is a mere aspect of a wider
<lb n="21" TEIform="lb"/>allegation of Hitler partisanship.  It includes the
<lb n="22" TEIform="lb"/>Stockholm meeting, which in its natural meaning is merely
<lb n="23" TEIform="lb"/>a particular example of a much wider picture, that is to
<lb n="24" TEIform="lb"/>say adherence to and association with right-wing,
<lb n="25" TEIform="lb"/>anti-Semitic principles and people.</p></sp>
<lb n="26" TEIform="lb"/><sp who="djci" TEIform="sp"><speaker TEIform="speaker">MR IRVING:</speaker><p TEIform="p">My Lord, I must then ask you to advise me whether





<pb n=".  P-32" TEIform="pb"/>




<lb n=" 1" TEIform="lb"/>tomorrow I should make a separate submission on section 5
<lb n=" 2" TEIform="lb"/>matters, or whether I can leave it bound up in my closing
<lb n=" 3" TEIform="lb"/>statement as I do.</p></sp>
<lb n=" 4" TEIform="lb"/><sp who="mrjg" TEIform="sp"><speaker TEIform="speaker">MR JUSTICE GRAY:</speaker><p TEIform="p">I would leave it bound up if I were you, but
<lb n=" 5" TEIform="lb"/>what are you proposing to do?  Like Mr Rampton, speak for
<lb n=" 6" TEIform="lb"/>an hour and a half, two hours?</p></sp>
<lb n=" 7" TEIform="lb"/><sp who="djci" TEIform="sp"><speaker TEIform="speaker">MR IRVING:</speaker><p TEIform="p">Based upon a cut down version of this text, I will
<lb n=" 8" TEIform="lb"/>speak the same length as Mr Rampton.</p></sp>
<lb n=" 9" TEIform="lb"/><sp who="mrjg" TEIform="sp"><speaker TEIform="speaker">MR JUSTICE GRAY:</speaker><p TEIform="p">Very well.  10.30 tomorrow.</p></sp>
<lb n="10" TEIform="lb"/><stage TEIform="stage">(The court adjourned until the following day).</stage>
<lb n="11" TEIform="lb"/>
<lb n="12" TEIform="lb"/>
<lb n="13" TEIform="lb"/>
<lb n="14" TEIform="lb"/>
<lb n="15" TEIform="lb"/>
<lb n="16" TEIform="lb"/>
<lb n="17" TEIform="lb"/>
<lb n="18" TEIform="lb"/>
<lb n="19" TEIform="lb"/>
<lb n="20" TEIform="lb"/>
<lb n="21" TEIform="lb"/>
<lb n="22" TEIform="lb"/>
<lb n="23" TEIform="lb"/>
<lb n="24" TEIform="lb"/>
<lb n="25" TEIform="lb"/>
<lb n="26" TEIform="lb"/>

<pb n=".  P-33" TEIform="pb"/>

<!--#include file="move.inc"-->

</body>
</text>

</TEI.2>